6,4.400000,0.066411
7,4.400000,0.066346
8,4.400000,0.066208
9,4.400000,0.066208
10,4.400000,1.161706
11,4.400000,1.161706
12,4.400000,1.161706
13,4.400000,1.161706
14,4.400000,1.161706
15,4.400000,1.161706
16,4.400000,1.161706
17,4.400000,1.161706
19,4.400000,1.161706
20,4.400000,1.161298
21,4.400000,1.161298
22,4.400000,1.161298
23,4.400000,1.161298
24,4.400000,1.161298
25,4.400000,1.161298
26,4.400000,1.161298
27,4.400000,1.161298
28,4.400000,1.161298
29,4.400000,1.161298
30,4.400000,1.157843
31,4.400000,1.157843
32,4.400000,1.157843
33,4.400000,1.157843
34,4.400000,1.157843
35,4.400000,1.157843
36,4.400000,1.157843
37,4.400000,1.157843
39,4.400000,1.157843
40,4.400000,1.150678
41,4.400000,1.150678
42,4.400000,1.150678
43,4.400000,1.150678
44,4.400000,1.150678
45,4.400000,1.150678
46,4.400000,1.150678
47,4.400000,1.150678
48,4.400000,1.150678
49,4.400000,1.150678
50,4.400000,1.140053
51,4.400000,1.140053
52,4.400000,1.140053
53,4.400000,1.140053
54,4.400000,1.140053
55,4.400000,1.140053
56,4.400000,1.140053
58,4.400000,1.140053
59,4.400000,1.140053
60,4.400000,1.125839
61,4.400000,1.125839
62,4.400000,1.125839
63,4.400000,1.125839
64,4.400000,1.125839
65,4.400000,1.125839
66,4.400000,1.125839
67,4.400000,1.125839
68,4.400000,1.125839
69,4.400000,1.125839
70,4.400000,1.107970
71,4.400000,1.107970
72,4.400000,1.107970
73,4.400000,1.107970
74,4.400000,1.107970
75,4.400000,1.107970
76,4.400000,1.107970
78,4.400000,1.107970
79,4.400000,1.107970
80,4.400000,1.086558
81,4.400000,1.086558
82,4.400000,1.086558
83,4.400000,1.086558
84,4.400000,1.086558
85,4.400000,1.086558
86,4.400000,1.086558
87,4.400000,1.086558
88,4.400000,1.086558
89,4.400000,1.086558
90,4.400000,1.061690
91,4.400000,1.061690
92,4.400000,1.061690
93,4.400000,1.061690
94,4.400000,1.061690
95,4.400000,1.061690
97,4.400000,1.061690
98,4.400000,1.061690
99,4.400000,1.061690
100,4.400000,1.033377
101,4.400000,1.033377
102,4.400000,1.033377
103,4.400000,1.033377
104,4.400000,1.033377
105,4.400000,1.033377
106,4.400000,1.033377
107,4.400000,1.033377
108,4.400000,1.033377
109,4.400000,1.033377
110,4.400000,1.001451
111,4.400000,1.001451
112,4.400000,1.001451
113,4.400000,1.001451
114,4.400000,1.001451
116,4.400000,1.001451
117,4.400000,1.001451
118,4.400000,1.001451
119,4.400000,1.001451
120,4.400000,0.965937
121,4.400000,0.965937
122,4.400000,0.965937
123,4.400000,0.965937
124,4.400000,0.965937
125,4.400000,0.965937
126,4.400000,0.965937
127,4.400000,0.965937
128,4.400000,0.965937
129,4.400000,0.965937
130,4.400000,0.926894
131,4.400000,0.926894
132,4.400000,0.926894
133,4.400000,0.926894
134,4.400000,0.926894
136,4.400000,0.926894
137,4.400000,0.926894
138,4.400000,0.926894
139,4.400000,0.926894
140,4.400000,0.884485
141,4.400000,0.884485
142,4.400000,0.884485
143,4.400000,0.884485
144,4.400000,0.884485
145,4.400000,0.884485
146,4.400000,0.884485
147,4.400000,0.884485
148,4.400000,0.884485
149,4.400000,0.884485
150,4.400000,0.840171
151,4.400000,0.840171
152,4.400000,0.840171
153,4.400000,0.840171
155,4.400000,0.818271
156,4.400000,0.818271
157,4.400000,0.818271
158,4.400000,0.818271
159,4.400000,0.818271
160,4.400000,0.796984
161,4.400000,0.796984
162,4.400000,0.796984
163,4.400000,0.796984
164,4.400000,0.796984
165,4.400000,0.796984
166,4.400000,0.796984
167,4.400000,0.796984
168,4.400000,0.796984
169,4.400000,0.796984
170,4.400000,0.756888
171,4.400000,0.756888
172,4.400000,0.756888
174,4.400000,0.756888
175,4.400000,0.756888
176,4.400000,0.756888
177,4.400000,0.756888
178,4.400000,0.756888
179,4.400000,0.756888
180,4.400000,0.720013
181,4.400000,0.720013
182,4.400000,0.720013
183,4.400000,0.720013
184,4.400000,0.720013
185,4.400000,0.720013
186,4.400000,0.720013
187,4.400000,0.720013
188,4.400000,0.720013
189,4.400000,0.720013
190,4.400000,0.685384
191,4.400000,0.685384
192,4.400000,0.685384
194,4.400000,0.685384
195,4.400000,0.685384
196,4.400000,0.685384
197,4.400000,0.685384
198,4.400000,0.685384
199,4.400000,0.685384
200,4.400000,0.651522
201,4.400000,0.651522
202,4.400000,0.651522
203,4.400000,0.651522
204,4.400000,0.651522
205,4.400000,0.651522
206,4.400000,0.651522
207,4.400000,0.651522
208,4.400000,0.651522
209,4.400000,0.651522
210,4.400000,0.617095
211,4.400000,0.617095
213,4.400000,0.617095
214,4.400000,0.617095
215,4.400000,0.599363
216,4.400000,0.599363
217,4.400000,0.599363
218,4.400000,0.599363
219,4.400000,0.599363
220,4.400000,0.581197
221,4.400000,0.581197
222,4.400000,0.581197
223,4.400000,0.581197
224,4.400000,0.581197
225,4.400000,0.581197
226,4.400000,0.581197
227,4.400000,0.581197
228,4.400000,0.581197
229,4.400000,0.581197
230,4.400000,0.543534
232,4.400000,0.543534
233,4.400000,0.543534
234,4.400000,0.543534
235,4.400000,0.543534
236,4.400000,0.543534
237,4.400000,0.543534
238,4.400000,0.543534
239,4.400000,0.543534
240,4.400000,0.504694
241,4.400000,0.504694
242,4.400000,0.504694
243,4.400000,0.504694
244,4.400000,0.485115
245,4.400000,0.485115
246,4.400000,0.485115
247,4.400000,0.485115
248,4.400000,0.485115
249,4.400000,0.485115
250,4.400000,0.465558
252,4.400000,0.465558
253,4.400000,0.465558
254,4.400000,0.465558
255,4.400000,0.465558
256,4.400000,0.465558
257,4.400000,0.465558
258,4.400000,0.465558
259,4.400000,0.465558
260,4.400000,0.426854
261,4.400000,0.426854
262,4.400000,0.426854
263,4.400000,0.426854
264,4.400000,0.407801
265,4.400000,0.407801
266,4.400000,0.407801
267,4.400000,0.407801
268,4.400000,0.407801
269,4.400000,0.388945
271,4.400000,0.388945
272,4.400000,0.388945
273,4.400000,0.388945
274,4.400000,0.388945
275,4.400000,0.370258
276,4.400000,0.370258
277,4.400000,0.370258
278,4.400000,0.370258
279,4.400000,0.351694
280,4.400000,0.351694
281,4.400000,0.351694
282,4.400000,0.351694
283,4.400000,0.351694
284,4.400000,0.351694
285,4.400000,0.333183
286,4.400000,0.333183
287,4.400000,0.333183
288,4.400000,0.333183
290,4.400000,0.314677
291,4.400000,0.314677
292,4.400000,0.314677
293,4.400000,0.314677
294,4.400000,0.314677
295,4.400000,0.296128
296,4.400000,0.296128
297,4.400000,0.296128
298,4.400000,0.296128
299,4.400000,0.277499
300,-4.400000,0.277499
301,-4.400000,0.277499
302,-4.400000,0.277499
303,-4.400000,0.277499
304,-4.400000,0.277499
305,-4.400000,0.258775
306,-4.400000,0.258775
307,-4.400000,0.258775
308,-4.400000,0.258775
310,-4.400000,0.239952
311,-4.400000,0.239952
312,-4.400000,0.239952
313,-4.400000,0.239952
314,-4.400000,0.239952
315,-4.400000,0.221070
316,-4.400000,0.221070
317,-4.400000,0.221070
318,-4.400000,0.221070
319,-4.400000,0.202555
320,-4.400000,0.202555
321,-4.400000,0.202555
322,-4.400000,0.202555
323,-4.400000,0.202555
324,-4.400000,0.202555
325,-4.400000,0.185072
326,-4.400000,0.185072
327,-4.400000,0.185072
329,-4.400000,0.185072
330,-4.400000,0.168840
331,-4.400000,0.168840
332,-4.400000,0.168840
333,-4.400000,0.168840
334,-4.400000,0.168840
335,-4.400000,0.153728
336,-4.400000,0.153728
337,-4.400000,0.153728
338,-4.400000,0.153728
339,-4.400000,0.139807
340,-4.400000,0.139807
341,-4.400000,0.139807
342,-4.400000,0.139807
343,-4.400000,0.139807
344,-4.400000,0.139807
345,-4.400000,0.126953
346,-4.400000,0.126953
347,-4.400000,0.126953
349,-4.400000,0.126953
350,-4.400000,0.115244
351,-4.400000,0.115244
352,-4.400000,0.115244
353,-4.400000,0.115244
354,-4.400000,0.115244
355,-4.400000,0.104678
356,-4.400000,0.104678
357,-4.400000,0.104678
358,-4.400000,0.104678
359,-4.400000,0.095165
360,-4.400000,0.095165
361,-4.400000,0.095165
362,-4.400000,0.095165
363,-4.400000,0.095165
364,-4.400000,0.095165
365,-4.400000,0.086767
366,-4.400000,0.086767
368,-4.400000,0.086767
369,-4.400000,0.086767
370,-4.400000,0.079492
371,-4.400000,0.079492
372,-4.400000,0.079492
373,-4.400000,0.079492
374,-4.400000,0.079492
375,-4.400000,0.073337
376,-4.400000,0.073337
377,-4.400000,0.073337
378,-4.400000,0.073337
379,-4.400000,0.068287
380,-4.400000,0.068287
381,-4.400000,0.068287
382,-4.400000,0.068287
383,-4.400000,0.068287
384,-4.400000,0.068287
385,-4.400000,0.064329
386,-4.400000,0.064329
388,-4.400000,0.064329
389,-4.400000,0.064329
390,-4.400000,0.061444
391,-4.400000,0.061444
392,-4.400000,0.061444
393,-4.400000,0.061444
394,-4.400000,0.061444
395,-4.400000,0.059625
396,-4.400000,0.059625
397,-4.400000,0.059625
398,-4.400000,0.059625
399,-4.400000,0.058883
400,-4.400000,0.058883
401,-4.400000,0.058883
402,-4.400000,0.058883
403,-4.400000,0.058883
404,-4.400000,0.058883
405,-4.400000,0.059220
407,-4.400000,0.059220
408,-4.400000,0.059220
409,-4.400000,0.059220
410,-4.400000,0.060621
411,-4.400000,0.060621
412,-4.400000,0.060621
413,-4.400000,0.060621
414,-4.400000,0.060621
415,-4.400000,0.063063
416,-4.400000,0.063063
417,-4.400000,0.063063
418,-4.400000,0.063063
419,-4.400000,0.066529
420,-4.400000,0.066529
421,-4.400000,0.066529
422,-4.400000,0.066529
423,-4.400000,0.066529
424,-4.400000,0.066529
426,-4.400000,0.070992
427,-4.400000,0.070992
428,-4.400000,0.070992
429,-4.400000,0.070992
430,-4.400000,0.076435
431,-4.400000,0.076435
432,-4.400000,0.076435
433,-4.400000,0.076435
434,-4.400000,0.076435
435,-4.400000,0.082852
436,-4.400000,0.082852
437,-4.400000,0.082852
438,-4.400000,0.082852
439,-4.400000,0.090212
440,-4.400000,0.090212
441,-4.400000,0.090212
442,-4.400000,0.090212
443,-4.400000,0.090212
444,-4.400000,0.090212
446,-4.400000,0.098503
447,-4.400000,0.098503
448,-4.400000,0.098503
449,-4.400000,0.098503
450,-4.400000,0.107723
451,-4.400000,0.107723
452,-4.400000,0.107723
453,-4.400000,0.107723
454,-4.400000,0.107723
455,-4.400000,0.117845
456,-4.400000,0.117845
457,-4.400000,0.117845
458,-4.400000,0.117845
459,-4.400000,0.128873
460,-4.400000,0.128873
461,-4.400000,0.128873
462,-4.400000,0.128873
463,-4.400000,0.128873
465,-4.400000,0.128873
466,-4.400000,0.140777
467,-4.400000,0.140777
468,-4.400000,0.140777
469,-4.400000,0.153539
470,-4.400000,0.153539
471,-4.400000,0.153539
472,-4.400000,0.153539
473,-4.400000,0.153539
474,-4.400000,0.153539
475,-4.400000,0.167149
476,-4.400000,0.167149
477,-4.400000,0.167149
478,-4.400000,0.167149
479,-4.400000,0.181603
480,-4.400000,0.181603
481,-4.400000,0.181603
482,-4.400000,0.181603
483,-4.400000,0.181603
485,-4.400000,0.196896
486,-4.400000,0.196896
487,-4.400000,0.196896
488,-4.400000,0.196896
489,-4.400000,0.213027
490,-4.400000,0.213027
491,-4.400000,0.213027
492,-4.400000,0.213027
493,-4.400000,0.213027
494,-4.400000,0.213027
495,-4.400000,0.230002
496,-4.400000,0.230002
497,-4.400000,0.230002
498,-4.400000,0.230002
499,-4.400000,0.247839
500,-4.400000,0.247839
501,-4.400000,0.247839
502,-4.400000,0.247839
504,-4.400000,0.247839
505,-4.400000,0.247839
506,-4.400000,0.266535
507,-4.400000,0.266535
508,-4.400000,0.266535
509,-4.400000,0.286077
510,-4.400000,0.286077
511,-4.400000,0.286077
512,-4.400000,0.286077
513,-4.400000,0.286077
514,-4.400000,0.286077
515,-4.400000,0.306432
516,-4.400000,0.306432
517,-4.400000,0.306432
518,-4.400000,0.306432
519,-4.400000,0.327518
520,-4.400000,0.327518
521,-4.400000,0.327518
522,-4.400000,0.327518
524,-4.400000,0.327518
525,-4.400000,0.349086
526,-4.400000,0.349086
527,-4.400000,0.349086
528,-4.400000,0.349086
529,-4.400000,0.370746
530,-4.400000,0.370746
531,-4.400000,0.370746
532,-4.400000,0.370746
533,-4.400000,0.370746
534,-4.400000,0.370746
535,-4.400000,0.392108
536,-4.400000,0.392108
537,-4.400000,0.392108
538,-4.400000,0.392108
539,-4.400000,0.412875
540,-4.400000,0.412875
541,-4.400000,0.412875
543,-4.400000,0.412875
544,-4.400000,0.412875
545,-4.400000,0.432882
546,-4.400000,0.432882
547,-4.400000,0.432882
548,-4.400000,0.432882
549,-4.400000,0.452082
550,-4.400000,0.452082
551,-4.400000,0.452082
552,-4.400000,0.452082
553,-4.400000,0.452082
554,-4.400000,0.452082
555,-4.400000,0.452082
556,-4.400000,0.452082
557,-4.400000,0.452082
558,-4.400000,0.452082
559,-4.400000,0.452082
560,-4.400000,0.488306
561,-4.400000,0.488306
563,-4.400000,0.488306
564,-4.400000,0.488306
565,-4.400000,0.488306
566,-4.400000,0.488306
567,-4.400000,0.488306
568,-4.400000,0.488306
569,-4.400000,0.488306
570,-4.400000,0.522543
571,-4.400000,0.522543
572,-4.400000,0.522543
573,-4.400000,0.522543
574,-4.400000,0.522543
575,-4.400000,0.522543
576,-4.400000,0.522543
577,-4.400000,0.522543
578,-4.400000,0.522543
579,-4.400000,0.522543
580,-4.400000,0.556151
581,-4.400000,0.556151
583,-4.400000,0.556151
584,-4.400000,0.556151
585,-4.400000,0.556151
586,-4.400000,0.556151
587,-4.400000,0.556151
588,-4.400000,0.556151
589,-4.400000,0.556151
590,-4.400000,0.590193
591,-4.400000,0.590193
592,-4.400000,0.590193
593,-4.400000,0.590193
594,-4.400000,0.590193
595,-4.400000,0.590193
596,-4.400000,0.590193
597,-4.400000,0.590193
598,-4.400000,0.590193
599,-4.400000,0.590193
600,4.400000,0.625506
601,4.400000,0.625506
603,4.400000,0.625506
604,4.400000,0.625506
605,4.400000,0.625506
606,4.400000,0.625506
607,4.400000,0.625506
608,4.400000,0.625506
609,4.400000,0.625506
610,4.400000,0.662167
611,4.400000,0.662167
612,4.400000,0.662167
613,4.400000,0.662167
614,4.400000,0.662167
615,4.400000,0.662167
616,4.400000,0.662167
617,4.400000,0.662167
618,4.400000,0.662167
619,4.400000,0.662167
620,4.400000,0.699518
621,4.400000,0.699518
623,4.400000,0.699518
624,4.400000,0.699518
625,4.400000,0.699518
626,4.400000,0.699518
627,4.400000,0.699518
628,4.400000,0.699518
629,4.400000,0.699518
630,4.400000,0.733336
631,4.400000,0.733336
632,4.400000,0.733336
633,4.400000,0.733336
634,4.400000,0.733336
635,4.400000,0.733336
636,4.400000,0.733336
637,4.400000,0.733336
638,4.400000,0.733336
639,4.400000,0.733336
640,4.400000,0.761502
641,4.400000,0.761502
643,4.400000,0.761502
644,4.400000,0.761502
645,4.400000,0.761502
646,4.400000,0.761502
647,4.400000,0.761502
648,4.400000,0.761502
649,4.400000,0.761502
650,4.400000,0.784662
651,4.400000,0.784662
652,4.400000,0.784662
653,4.400000,0.784662
654,4.400000,0.784662
655,4.400000,0.784662
656,4.400000,0.784662
657,4.400000,0.784662
658,4.400000,0.784662
659,4.400000,0.784662
660,4.400000,0.802802
661,4.400000,0.802802
663,4.400000,0.802802
664,4.400000,0.802802
665,4.400000,0.802802
666,4.400000,0.802802
667,4.400000,0.802802
668,4.400000,0.802802
669,4.400000,0.802802
670,4.400000,0.815917
671,4.400000,0.815917
672,4.400000,0.815917
673,4.400000,0.815917
674,4.400000,0.815917
675,4.400000,0.815917
676,4.400000,0.815917
677,4.400000,0.815917
678,4.400000,0.815917
679,4.400000,0.815917
680,4.400000,0.824178
681,4.400000,0.824178
683,4.400000,0.824178
684,4.400000,0.824178
685,4.400000,0.826518
686,4.400000,0.826518
687,4.400000,0.826518
688,4.400000,0.826518
689,4.400000,0.826518
690,4.400000,0.827692
691,4.400000,0.827692
692,4.400000,0.827692
693,4.400000,0.827692
694,4.400000,0.827692
695,4.400000,0.827692
696,4.400000,0.827692
697,4.400000,0.827692
698,4.400000,0.827692
699,4.400000,0.827692
700,4.400000,0.826704
701,4.400000,0.826704
703,4.400000,0.826704
704,4.400000,0.826704
705,4.400000,0.824707
706,4.400000,0.824707
707,4.400000,0.824707
708,4.400000,0.824707
709,4.400000,0.824707
710,4.400000,0.821740
711,4.400000,0.821740
712,4.400000,0.821740
713,4.400000,0.821740
714,4.400000,0.821740
715,4.400000,0.817793
716,4.400000,0.817793
717,4.400000,0.817793
718,4.400000,0.817793
719,4.400000,0.817793
720,4.400000,0.812855
721,4.400000,0.812855
723,4.400000,0.812855
724,4.400000,0.812855
725,4.400000,0.812855
726,4.400000,0.812855
727,4.400000,0.812855
728,4.400000,0.812855
729,4.400000,0.812855
730,4.400000,0.800019
731,4.400000,0.800019
732,4.400000,0.800019
733,4.400000,0.800019
734,4.400000,0.800019
735,4.400000,0.800019
736,4.400000,0.800019
737,4.400000,0.800019
738,4.400000,0.800019
739,4.400000,0.800019
740,4.400000,0.783302
741,4.400000,0.783302
743,4.400000,0.783302
744,4.400000,0.783302
745,4.400000,0.773513
746,4.400000,0.773513
747,4.400000,0.773513
748,4.400000,0.773513
749,4.400000,0.773513
750,4.400000,0.762785
751,4.400000,0.762785
752,4.400000,0.762785
753,4.400000,0.762785
754,4.400000,0.762785
755,4.400000,0.762785
756,4.400000,0.762785
757,4.400000,0.762785
758,4.400000,0.762785
759,4.400000,0.762785
760,4.400000,0.738507
761,4.400000,0.738507
763,4.400000,0.738507
764,4.400000,0.738507
765,4.400000,0.724964
766,4.400000,0.724964
767,4.400000,0.724964
768,4.400000,0.724964
769,4.400000,0.724964
770,4.400000,0.710479
771,4.400000,0.710479
772,4.400000,0.710479
773,4.400000,0.710479
774,4.400000,0.710479
775,4.400000,0.695057
776,4.400000,0.695057
777,4.400000,0.695057
778,4.400000,0.695057
779,4.400000,0.695057
780,4.400000,0.678725
781,4.400000,0.678725
783,4.400000,0.678725
784,4.400000,0.678725
785,4.400000,0.678725
786,4.400000,0.661504
787,4.400000,0.661504
788,4.400000,0.661504
789,4.400000,0.661504
790,4.400000,0.643404
791,4.400000,0.643404
792,4.400000,0.643404
793,4.400000,0.643404
794,4.400000,0.643404
795,4.400000,0.624426
796,4.400000,0.624426
797,4.400000,0.624426
798,4.400000,0.624426
799,4.400000,0.604562
800,4.400000,0.604562
801,4.400000,0.604562
803,4.400000,0.604562
804,4.400000,0.604562
805,4.400000,0.604562
806,4.400000,0.604562
807,4.400000,0.604562
808,4.400000,0.604562
809,4.400000,0.604562
810,4.400000,0.562242
811,4.400000,0.562242
812,4.400000,0.562242
813,4.400000,0.562242
814,4.400000,0.562242
815,4.400000,0.540119
816,4.400000,0.540119
817,4.400000,0.540119
818,4.400000,0.540119
819,4.400000,0.517890
820,4.400000,0.517890
821,4.400000,0.517890
823,4.400000,0.517890
824,4.400000,0.517890
825,4.400000,0.517890
826,4.400000,0.495981
827,4.400000,0.495981
828,4.400000,0.495981
829,4.400000,0.495981
830,4.400000,0.474606
831,4.400000,0.474606
832,4.400000,0.474606
833,4.400000,0.474606
834,4.400000,0.474606
835,4.400000,0.454018
836,4.400000,0.454018
837,4.400000,0.454018
838,4.400000,0.454018
839,4.400000,0.434307
840,4.400000,0.434307
841,4.400000,0.434307
843,4.400000,0.434307
844,4.400000,0.434307
845,4.400000,0.434307
846,4.400000,0.415470
847,4.400000,0.415470
848,4.400000,0.415470
849,4.400000,0.415470
850,4.400000,0.397346
851,4.400000,0.397346
852,4.400000,0.397346
853,4.400000,0.397346
854,4.400000,0.397346
855,4.400000,0.379752
856,4.400000,0.379752
857,4.400000,0.379752
858,4.400000,0.379752
859,4.400000,0.362458
860,4.400000,0.362458
861,4.400000,0.362458
863,4.400000,0.362458
864,4.400000,0.362458
865,4.400000,0.362458
866,4.400000,0.345274
867,4.400000,0.345274
868,4.400000,0.345274
869,4.400000,0.345274
870,4.400000,0.328015
871,4.400000,0.328015
872,4.400000,0.328015
873,4.400000,0.328015
874,4.400000,0.328015
875,4.400000,0.310511
876,4.400000,0.310511
877,4.400000,0.310511
878,4.400000,0.310511
879,4.400000,0.292648
880,4.400000,0.292648
881,4.400000,0.292648
883,4.400000,0.292648
884,4.400000,0.292648
885,4.400000,0.292648
886,4.400000,0.274352
887,4.400000,0.274352
888,4.400000,0.274352
889,4.400000,0.274352
890,4.400000,0.255624
891,4.400000,0.255624
892,4.400000,0.255624
893,4.400000,0.255624
894,4.400000,0.255624
895,4.400000,0.236523
896,4.400000,0.236523
897,4.400000,0.236523
898,4.400000,0.236523
899,4.400000,0.217130
900,-4.400000,0.217130
901,-4.400000,0.217130
903,-4.400000,0.217130
904,-4.400000,0.217130
905,-4.400000,0.217130
906,-4.400000,0.197560
907,-4.400000,0.197560
908,-4.400000,0.197560
909,-4.400000,0.197560
910,-4.400000,0.177922
911,-4.400000,0.177922
912,-4.400000,0.177922
913,-4.400000,0.177922
914,-4.400000,0.177922
915,-4.400000,0.158329
916,-4.400000,0.158329
917,-4.400000,0.158329
918,-4.400000,0.158329
919,-4.400000,0.139143
920,-4.400000,0.139143
921,-4.400000,0.139143
923,-4.400000,0.139143
924,-4.400000,0.139143
925,-4.400000,0.139143
926,-4.400000,0.120986
927,-4.400000,0.120986
928,-4.400000,0.120986
929,-4.400000,0.120986
930,-4.400000,0.104122
931,-4.400000,0.104122
932,-4.400000,0.104122
933,-4.400000,0.104122
934,-4.400000,0.104122
935,-4.400000,0.088545
936,-4.400000,0.088545
937,-4.400000,0.088545
938,-4.400000,0.088545
939,-4.400000,0.074126
940,-4.400000,0.074126
941,-4.400000,0.074126
943,-4.400000,0.074126
944,-4.400000,0.074126
945,-4.400000,0.074126
946,-4.400000,0.060805
947,-4.400000,0.060805
948,-4.400000,0.060805
949,-4.400000,0.060805
950,-4.400000,0.048572
951,-4.400000,0.048572
952,-4.400000,0.048572
953,-4.400000,0.048572
954,-4.400000,0.048572
955,-4.400000,0.037461
956,-4.400000,0.037461
957,-4.400000,0.037461
958,-4.400000,0.037461
959,-4.400000,0.027502
960,-4.400000,0.027502
961,-4.400000,0.027502
963,-4.400000,0.027502
964,-4.400000,0.027502
965,-4.400000,0.027502
966,-4.400000,0.018680
967,-4.400000,0.018680
968,-4.400000,0.018680
969,-4.400000,0.018680
970,-4.400000,0.010974
971,-4.400000,0.010974
972,-4.400000,0.010974
973,-4.400000,0.010974
974,-4.400000,0.010974
975,-4.400000,0.004354
976,-4.400000,0.004354
977,-4.400000,0.004354
978,-4.400000,0.004354
979,-4.400000,-0.001203
980,-4.400000,-0.001203
981,-4.400000,-0.001203
983,-4.400000,-0.001203
984,-4.400000,-0.001203
985,-4.400000,-0.001203
986,-4.400000,-0.005701
987,-4.400000,-0.005701
988,-4.400000,-0.005701
989,-4.400000,-0.005701
990,-4.400000,-0.009134
991,-4.400000,-0.009134
992,-4.400000,-0.009134
993,-4.400000,-0.009134
994,-4.400000,-0.009134
995,-4.400000,-0.011472
996,-4.400000,-0.011472
997,-4.400000,-0.011472
998,-4.400000,-0.011472
999,-4.400000,-0.012699
1000,-4.400000,-0.012699
1002,-4.400000,-0.012699
1003,-4.400000,-0.012699
1004,-4.400000,-0.012699
1005,-4.400000,-0.012699
1006,-4.400000,-0.012813
1007,-4.400000,-0.012813
1008,-4.400000,-0.012813
1009,-4.400000,-0.012813
1010,-4.400000,-0.011838
1011,-4.400000,-0.011838
1012,-4.400000,-0.011838
1013,-4.400000,-0.011838
1014,-4.400000,-0.011838
1015,-4.400000,-0.009813
1016,-4.400000,-0.009813
1017,-4.400000,-0.009813
1018,-4.400000,-0.009813
1019,-4.400000,-0.006769
1020,-4.400000,-0.006769
1022,-4.400000,-0.006769
1023,-4.400000,-0.006769
1024,-4.400000,-0.006769
1025,-4.400000,-0.006769
1026,-4.400000,-0.002734
1027,-4.400000,-0.002734
1028,-4.400000,-0.002734
1029,-4.400000,-0.002734
1030,-4.400000,0.002268
1031,-4.400000,0.002268
1032,-4.400000,0.002268
1033,-4.400000,0.002268
1034,-4.400000,0.002268
1035,-4.400000,0.008232
1036,-4.400000,0.008232
1037,-4.400000,0.008232
1038,-4.400000,0.008232
1039,-4.400000,0.015151
1040,-4.400000,0.015151
1042,-4.400000,0.015151
1043,-4.400000,0.015151
1044,-4.400000,0.015151
1045,-4.400000,0.015151
1046,-4.400000,0.023023
1047,-4.400000,0.023023
1048,-4.400000,0.023023
1049,-4.400000,0.023023
1050,-4.400000,0.031819
1051,-4.400000,0.031819
1052,-4.400000,0.031819
1053,-4.400000,0.031819
1054,-4.400000,0.031819
1055,-4.400000,0.041530
1056,-4.400000,0.041530
1057,-4.400000,0.041530
1058,-4.400000,0.041530
1059,-4.400000,0.052156
1060,-4.400000,0.052156
1061,-4.400000,0.052156
1063,-4.400000,0.052156
1064,-4.400000,0.052156
1065,-4.400000,0.052156
1066,-4.400000,0.063680
1067,-4.400000,0.063680
1068,-4.400000,0.063680
1069,-4.400000,0.063680
1070,-4.400000,0.076095
1071,-4.400000,0.076095
1072,-4.400000,0.076095
1073,-4.400000,0.076095
1074,-4.400000,0.076095
1075,-4.400000,0.089381
1076,-4.400000,0.089381
1077,-4.400000,0.089381
1078,-4.400000,0.089381
1079,-4.400000,0.103532
1080,-4.400000,0.103532
1081,-4.400000,0.103532
1083,-4.400000,0.103532
1084,-4.400000,0.103532
1085,-4.400000,0.103532
1086,-4.400000,0.118593
1087,-4.400000,0.118593
1088,-4.400000,0.118593
1089,-4.400000,0.118593
1090,-4.400000,0.134448
1091,-4.400000,0.134448
1092,-4.400000,0.134448
1093,-4.400000,0.134448
1094,-4.400000,0.134448
1095,-4.400000,0.151145
1096,-4.400000,0.151145
1097,-4.400000,0.151145
1098,-4.400000,0.151145
1099,-4.400000,0.168721
1100,-4.400000,0.168721
1101,-4.400000,0.168721
1103,-4.400000,0.168721
1104,-4.400000,0.168721
1105,-4.400000,0.168721
1106,-4.400000,0.187126
1107,-4.400000,0.187126
1108,-4.400000,0.187126
1109,-4.400000,0.187126
1110,-4.400000,0.206413
1111,-4.400000,0.206413
1112,-4.400000,0.206413
1113,-4.400000,0.206413
1114,-4.400000,0.206413
1115,-4.400000,0.226471
1116,-4.400000,0.226471
1117,-4.400000,0.226471
1118,-4.400000,0.226471
1119,-4.400000,0.247381
1120,-4.400000,0.247381
1121,-4.400000,0.247381
1123,-4.400000,0.247381
1124,-4.400000,0.247381
1125,-4.400000,0.247381
1126,-4.400000,0.268927
1127,-4.400000,0.268927
1128,-4.400000,0.268927
1129,-4.400000,0.268927
1130,-4.400000,0.290751
1131,-4.400000,0.290751
1132,-4.400000,0.290751
1133,-4.400000,0.290751
1134,-4.400000,0.290751
1135,-4.400000,0.312396
1136,-4.400000,0.312396
1137,-4.400000,0.312396
1138,-4.400000,0.312396
1139,-4.400000,0.333497
1140,-4.400000,0.333497
1141,-4.400000,0.333497
1143,-4.400000,0.333497
1144,-4.400000,0.333497
1145,-4.400000,0.333497
1146,-4.400000,0.353877
1147,-4.400000,0.353877
1148,-4.400000,0.353877
1149,-4.400000,0.353877
1150,-4.400000,0.373441
1151,-4.400000,0.373441
1152,-4.400000,0.373441
1153,-4.400000,0.373441
1154,-4.400000,0.373441
1155,-4.400000,0.392199
1156,-4.400000,0.392199
1157,-4.400000,0.392199
1158,-4.400000,0.392199
1159,-4.400000,0.410234
1160,-4.400000,0.410234
1161,-4.400000,0.410234
1163,-4.400000,0.410234
1164,-4.400000,0.410234
1165,-4.400000,0.410234
1166,-4.400000,0.427691
1167,-4.400000,0.427691
1168,-4.400000,0.427691
1169,-4.400000,0.427691
1170,-4.400000,0.444777
1171,-4.400000,0.444777
1172,-4.400000,0.444777
1173,-4.400000,0.444777
1174,-4.400000,0.444777
1175,-4.400000,0.461721
1176,-4.400000,0.461721
1177,-4.400000,0.461721
1178,-4.400000,0.461721
1179,-4.400000,0.461721
1180,-4.400000,0.478717
1181,-4.400000,0.478717
1183,-4.400000,0.478717
1184,-4.400000,0.478717
1185,-4.400000,0.478717
1186,-4.400000,0.495901
1187,-4.400000,0.495901
1188,-4.400000,0.495901
1189,-4.400000,0.495901
1190,-4.400000,0.513360
1191,-4.400000,0.513360
1192,-4.400000,0.513360
1193,-4.400000,0.513360
1194,-4.400000,0.513360
1195,-4.400000,0.531157
1196,-4.400000,0.531157
1197,-4.400000,0.531157
1198,-4.400000,0.531157
1199,-4.400000,0.549310
1200,4.400000,0.549310
1201,4.400000,0.549310
1203,4.400000,0.549310
1204,4.400000,0.549310
1205,4.400000,0.549310
1206,4.400000,0.567783
1207,4.400000,0.567783
1208,4.400000,0.567783
1209,4.400000,0.567783
1210,4.400000,0.586511
1211,4.400000,0.586511
1212,4.400000,0.586511
1213,4.400000,0.586511
1214,4.400000,0.586511
1215,4.400000,0.605366
1216,4.400000,0.605366
1217,4.400000,0.605366
1218,4.400000,0.605366
1219,4.400000,0.623834
1220,4.400000,0.623834
1221,4.400000,0.623834
1223,4.400000,0.623834
1224,4.400000,0.623834
1225,4.400000,0.623834
1226,4.400000,0.641188
1227,4.400000,0.641188
1228,4.400000,0.641188
1229,4.400000,0.641188
1230,4.400000,0.657204
1231,4.400000,0.657204
1232,4.400000,0.657204
1233,4.400000,0.657204
1234,4.400000,0.657204
1235,4.400000,0.671877
1236,4.400000,0.671877
1237,4.400000,0.671877
1238,4.400000,0.671877
1239,4.400000,0.685363
1240,4.400000,0.685363
1241,4.400000,0.685363
1243,4.400000,0.685363
1244,4.400000,0.685363
1245,4.400000,0.685363
1246,4.400000,0.697643
1247,4.400000,0.697643
1248,4.400000,0.697643
1249,4.400000,0.697643
1250,4.400000,0.708693
1251,4.400000,0.708693
1252,4.400000,0.708693
1253,4.400000,0.708693
1254,4.400000,0.708693
1255,4.400000,0.718503
1256,4.400000,0.718503
1257,4.400000,0.718503
1258,4.400000,0.718503
1259,4.400000,0.727066
1260,4.400000,0.727066
1261,4.400000,0.727066
1263,4.400000,0.727066
1264,4.400000,0.727066
1265,4.400000,0.727066
1266,4.400000,0.734404
1267,4.400000,0.734404
1268,4.400000,0.734404
1269,4.400000,0.734404
1270,4.400000,0.740519
1271,4.400000,0.740519
1272,4.400000,0.740519
1273,4.400000,0.740519
1274,4.400000,0.740519
1275,4.400000,0.745441
1276,4.400000,0.745441
1277,4.400000,0.745441
1278,4.400000,0.745441
1279,4.400000,0.749169
1280,4.400000,0.749169
1281,4.400000,0.749169
1283,4.400000,0.749169
1284,4.400000,0.749169
1285,4.400000,0.749169
1286,4.400000,0.751725
1287,4.400000,0.751725
1288,4.400000,0.751725
1289,4.400000,0.751725
1290,4.400000,0.753145
1291,4.400000,0.753145
1292,4.400000,0.753145
1293,4.400000,0.753145
1294,4.400000,0.753145
1295,4.400000,0.753431
1296,4.400000,0.753431
1297,4.400000,0.753431
1298,4.400000,0.753431
1299,4.400000,0.752622
1300,4.400000,0.752622
1301,4.400000,0.752622
1303,4.400000,0.752622
1304,4.400000,0.752622
1305,4.400000,0.752622
1306,4.400000,0.750789
1307,4.400000,0.750789
1308,4.400000,0.750789
1309,4.400000,0.750789
1310,4.400000,0.747960
1311,4.400000,0.747960
1312,4.400000,0.747960
1313,4.400000,0.747960
1314,4.400000,0.747960
1315,4.400000,0.744140
1316,4.400000,0.744140
1317,4.400000,0.744140
1318,4.400000,0.744140
1319,4.400000,0.744140
1320,4.400000,0.739308
1321,4.400000,0.739308
1323,4.400000,0.739308
1324,4.400000,0.739308
1325,4.400000,0.739308
1326,4.400000,0.733469
1327,4.400000,0.733469
1328,4.400000,0.733469
1329,4.400000,0.733469
1330,4.400000,0.726638
1331,4.400000,0.726638
1332,4.400000,0.726638
1333,4.400000,0.726638
1334,4.400000,0.726638
1335,4.400000,0.718815
1336,4.400000,0.718815
1337,4.400000,0.718815
1338,4.400000,0.718815
1339,4.400000,0.718815
1340,4.400000,0.710010
1341,4.400000,0.710010
1343,4.400000,0.710010
1344,4.400000,0.710010
1345,4.400000,0.710010
1346,4.400000,0.700246
1347,4.400000,0.700246
1348,4.400000,0.700246
1349,4.400000,0.700246
1350,4.400000,0.689537
1351,4.400000,0.689537
1352,4.400000,0.689537
1353,4.400000,0.689537
1354,4.400000,0.689537
1355,4.400000,0.677889
1356,4.400000,0.677889
1357,4.400000,0.677889
1358,4.400000,0.677889
1359,4.400000,0.665322
1360,4.400000,0.665322
1361,4.400000,0.665322
1363,4.400000,0.665322
1364,4.400000,0.665322
1365,4.400000,0.665322
1366,4.400000,0.651857
1367,4.400000,0.651857
1368,4.400000,0.651857
1369,4.400000,0.651857
1370,4.400000,0.637495
1371,4.400000,0.637495
1372,4.400000,0.637495
1373,4.400000,0.637495
1374,4.400000,0.637495
1375,4.400000,0.622238
1376,4.400000,0.622238
1377,4.400000,0.622238
1378,4.400000,0.622238
1379,4.400000,0.606091
1380,4.400000,0.606091
1381,4.400000,0.606091
1383,4.400000,0.606091
1384,4.400000,0.606091
1385,4.400000,0.606091
1386,4.400000,0.589045
1387,4.400000,0.589045
1388,4.400000,0.589045
1389,4.400000,0.589045
1390,4.400000,0.571100
1391,4.400000,0.571100
1392,4.400000,0.571100
1393,4.400000,0.571100
1394,4.400000,0.571100
1395,4.400000,0.552261
1396,4.400000,0.552261
1397,4.400000,0.552261
1398,4.400000,0.552261
1399,4.400000,0.532532
1400,4.400000,0.532532
1401,4.400000,0.532532
1403,4.400000,0.532532
1404,4.400000,0.532532
1405,4.400000,0.532532
1406,4.400000,0.511942
1407,4.400000,0.511942
1408,4.400000,0.511942
1409,4.400000,0.511942
1410,4.400000,0.490577
1411,4.400000,0.490577
1412,4.400000,0.490577
1413,4.400000,0.490577
1414,4.400000,0.490577
1415,4.400000,0.468725
1416,4.400000,0.468725
1417,4.400000,0.468725
1418,4.400000,0.468725
1419,4.400000,0.446854
1420,4.400000,0.446854
1421,4.400000,0.446854
1423,4.400000,0.446854
1424,4.400000,0.446854
1425,4.400000,0.446854
1426,4.400000,0.425393
1427,4.400000,0.425393
1428,4.400000,0.425393
1429,4.400000,0.425393
1430,4.400000,0.404570
1431,4.400000,0.404570
1432,4.400000,0.404570
1433,4.400000,0.404570
1434,4.400000,0.404570
1435,4.400000,0.384504
1436,4.400000,0.384504
1437,4.400000,0.384504
1438,4.400000,0.384504
1439,4.400000,0.365204
1440,4.400000,0.365204
1441,4.400000,0.365204
1443,4.400000,0.365204
1444,4.400000,0.365204
1445,4.400000,0.365204
1446,4.400000,0.346585
1447,4.400000,0.346585
1448,4.400000,0.346585
1449,4.400000,0.346585
1450,4.400000,0.328499
1451,4.400000,0.328499
1452,4.400000,0.328499
1453,4.400000,0.328499
1454,4.400000,0.328499
1455,4.400000,0.310765
1456,4.400000,0.310765
1457,4.400000,0.310765
1458,4.400000,0.310765
1459,4.400000,0.293195
1460,4.400000,0.293195
1461,4.400000,0.293195
1463,4.400000,0.293195
1464,4.400000,0.293195
1465,4.400000,0.293195
1466,4.400000,0.275638
1467,4.400000,0.275638
1468,4.400000,0.275638
1469,4.400000,0.275638
1470,4.400000,0.257942
1471,4.400000,0.257942
1472,4.400000,0.257942
1473,4.400000,0.257942
1474,4.400000,0.257942
1475,4.400000,0.239996
1476,4.400000,0.239996
1477,4.400000,0.239996
1478,4.400000,0.239996
1479,4.400000,0.221735
1480,4.400000,0.221735
1481,4.400000,0.221735
1483,4.400000,0.221735
1484,4.400000,0.221735
1485,4.400000,0.221735
1486,4.400000,0.203137
1487,4.400000,0.203137
1488,4.400000,0.203137
1489,4.400000,0.203137
1490,4.400000,0.184219
1491,4.400000,0.184219
1492,4.400000,0.184219
1493,4.400000,0.184219
1494,4.400000,0.184219
1495,4.400000,0.165038
1496,4.400000,0.165038
1497,4.400000,0.165038
1498,4.400000,0.165038
1499,4.400000,0.145680
1500,-4.400000,0.145680
1501,-4.400000,0.145680
1503,-4.400000,0.145680
1504,-4.400000,0.145680
1505,-4.400000,0.145680
1506,-4.400000,0.126249
1507,-4.400000,0.126249
1508,-4.400000,0.126249
1509,-4.400000,0.126249
1510,-4.400000,0.106845
1511,-4.400000,0.106845
1512,-4.400000,0.106845
1513,-4.400000,0.106845
1514,-4.400000,0.106845
1515,-4.400000,0.087567
1516,-4.400000,0.087567
1517,-4.400000,0.087567
1518,-4.400000,0.087567
1519,-4.400000,0.068854
1520,-4.400000,0.068854
1521,-4.400000,0.068854
1523,-4.400000,0.068854
1524,-4.400000,0.068854
1525,-4.400000,0.068854
1526,-4.400000,0.051280
1527,-4.400000,0.051280
1528,-4.400000,0.051280
1529,-4.400000,0.051280
1530,-4.400000,0.035007
1531,-4.400000,0.035007
1532,-4.400000,0.035007
1533,-4.400000,0.035007
1534,-4.400000,0.035007
1535,-4.400000,0.019975
1536,-4.400000,0.019975
1537,-4.400000,0.019975
1538,-4.400000,0.019975
1539,-4.400000,0.006066
1540,-4.400000,0.006066
1542,-4.400000,0.006066
1543,-4.400000,0.006066
1544,-4.400000,0.006066
1545,-4.400000,0.006066
1546,-4.400000,-0.006756
1547,-4.400000,-0.006756
1548,-4.400000,-0.006756
1549,-4.400000,-0.006756
1550,-4.400000,-0.018468
1551,-4.400000,-0.018468
1552,-4.400000,-0.018468
1553,-4.400000,-0.018468
1554,-4.400000,-0.018468
1555,-4.400000,-0.029051
1556,-4.400000,-0.029051
1557,-4.400000,-0.029051
1558,-4.400000,-0.029051
1559,-4.400000,-0.038502
1560,-4.400000,-0.038502
1561,-4.400000,-0.038502
1563,-4.400000,-0.038502
1564,-4.400000,-0.038502
1565,-4.400000,-0.038502
1566,-4.400000,-0.046827
1567,-4.400000,-0.046827
1568,-4.400000,-0.046827
1569,-4.400000,-0.046827
1570,-4.400000,-0.054047
1571,-4.400000,-0.054047
1572,-4.400000,-0.054047
1573,-4.400000,-0.054047
1574,-4.400000,-0.054047
1575,-4.400000,-0.060177
1576,-4.400000,-0.060177
1577,-4.400000,-0.060177
1578,-4.400000,-0.060177
1579,-4.400000,-0.065222
1580,-4.400000,-0.065222
1581,-4.400000,-0.065222
1583,-4.400000,-0.065222
1584,-4.400000,-0.065222
1585,-4.400000,-0.065222
1586,-4.400000,-0.069170
1587,-4.400000,-0.069170
1588,-4.400000,-0.069170
1589,-4.400000,-0.069170
1590,-4.400000,-0.072011
1591,-4.400000,-0.072011
1592,-4.400000,-0.072011
1593,-4.400000,-0.072011
1594,-4.400000,-0.072011
1595,-4.400000,-0.073738
1596,-4.400000,-0.073738
1597,-4.400000,-0.073738
1598,-4.400000,-0.073738
1599,-4.400000,-0.074332
1600,-4.400000,-0.074332
1602,-4.400000,-0.074332
1603,-4.400000,-0.074332
1604,-4.400000,-0.074332
1605,-4.400000,-0.074332
1606,-4.400000,-0.073801
1607,-4.400000,-0.073801
1608,-4.400000,-0.073801
1609,-4.400000,-0.073801
1610,-4.400000,-0.072202
1611,-4.400000,-0.072202
1612,-4.400000,-0.072202
1613,-4.400000,-0.072202
1614,-4.400000,-0.072202
1615,-4.400000,-0.069589
1616,-4.400000,-0.069589
1617,-4.400000,-0.069589
1618,-4.400000,-0.069589
1619,-4.400000,-0.065979
1621,-4.400000,-0.065979
1622,-4.400000,-0.065979
1623,-4.400000,-0.065979
1624,-4.400000,-0.065979
1625,-4.400000,-0.065979
1626,-4.400000,-0.061386
1627,-4.400000,-0.061386
1628,-4.400000,-0.061386
1629,-4.400000,-0.061386
1630,-4.400000,-0.055837
1631,-4.400000,-0.055837
1632,-4.400000,-0.055837
1633,-4.400000,-0.055837
1634,-4.400000,-0.055837
1635,-4.400000,-0.049336
1636,-4.400000,-0.049336
1637,-4.400000,-0.049336
1638,-4.400000,-0.049336
1639,-4.400000,-0.041903
1641,-4.400000,-0.041903
1642,-4.400000,-0.041903
1643,-4.400000,-0.041903
1644,-4.400000,-0.041903
1645,-4.400000,-0.041903
1646,-4.400000,-0.033550
1647,-4.400000,-0.033550
1648,-4.400000,-0.033550
1649,-4.400000,-0.033550
1650,-4.400000,-0.024301
1651,-4.400000,-0.024301
1652,-4.400000,-0.024301
1653,-4.400000,-0.024301
1654,-4.400000,-0.024301
1655,-4.400000,-0.014165
1656,-4.400000,-0.014165
1657,-4.400000,-0.014165
1658,-4.400000,-0.014165
1660,-4.400000,-0.003149
1661,-4.400000,-0.003149
1662,-4.400000,-0.003149
1663,-4.400000,-0.003149
1664,-4.400000,-0.003149
1665,-4.400000,-0.003149
1666,-4.400000,0.008739
1667,-4.400000,0.008739
1668,-4.400000,0.008739
1669,-4.400000,0.008739
1670,-4.400000,0.021500
1671,-4.400000,0.021500
1672,-4.400000,0.021500
1673,-4.400000,0.021500
1674,-4.400000,0.021500
1675,-4.400000,0.035147
1676,-4.400000,0.035147
1677,-4.400000,0.035147
1678,-4.400000,0.035147
1680,-4.400000,0.049684
1681,-4.400000,0.049684
1682,-4.400000,0.049684
1683,-4.400000,0.049684
1684,-4.400000,0.049684
1685,-4.400000,0.049684
1686,-4.400000,0.065040
1687,-4.400000,0.065040
1688,-4.400000,0.065040
1689,-4.400000,0.065040
1690,-4.400000,0.081210
1691,-4.400000,0.081210
1692,-4.400000,0.081210
1693,-4.400000,0.081210
1694,-4.400000,0.081210
1695,-4.400000,0.098294
1696,-4.400000,0.098294
1697,-4.400000,0.098294
1698,-4.400000,0.098294
1700,-4.400000,0.116176
1701,-4.400000,0.116176
1702,-4.400000,0.116176
1703,-4.400000,0.116176
1704,-4.400000,0.116176
1705,-4.400000,0.116176
1706,-4.400000,0.134898
1707,-4.400000,0.134898
1708,-4.400000,0.134898
1709,-4.400000,0.134898
1710,-4.400000,0.154431
1711,-4.400000,0.154431
1712,-4.400000,0.154431
1713,-4.400000,0.154431
1714,-4.400000,0.154431
1715,-4.400000,0.174757
1716,-4.400000,0.174757
1717,-4.400000,0.174757
1718,-4.400000,0.174757
1720,-4.400000,0.195813
1721,-4.400000,0.195813
1722,-4.400000,0.195813
1723,-4.400000,0.195813
1724,-4.400000,0.195813
1725,-4.400000,0.195813
1726,-4.400000,0.217378
1727,-4.400000,0.217378
1728,-4.400000,0.217378
1729,-4.400000,0.217378
1730,-4.400000,0.239069
1731,-4.400000,0.239069
1732,-4.400000,0.239069
1733,-4.400000,0.239069
1734,-4.400000,0.239069
1735,-4.400000,0.260444
1736,-4.400000,0.260444
1737,-4.400000,0.260444
1738,-4.400000,0.260444
1740,-4.400000,0.281201
1741,-4.400000,0.281201
1742,-4.400000,0.281201
1743,-4.400000,0.281201
1744,-4.400000,0.281201
1745,-4.400000,0.281201
1746,-4.400000,0.301176
1747,-4.400000,0.301176
1748,-4.400000,0.301176
1749,-4.400000,0.301176
1750,-4.400000,0.320329
1751,-4.400000,0.320329
1752,-4.400000,0.320329
1753,-4.400000,0.320329
1754,-4.400000,0.320329
1755,-4.400000,0.338738
1756,-4.400000,0.338738
1757,-4.400000,0.338738
1758,-4.400000,0.338738
1760,-4.400000,0.356521
1761,-4.400000,0.356521
1762,-4.400000,0.356521
1763,-4.400000,0.356521
1764,-4.400000,0.356521
1765,-4.400000,0.356521
1766,-4.400000,0.373831
1767,-4.400000,0.373831
1768,-4.400000,0.373831
1769,-4.400000,0.373831
1770,-4.400000,0.390847
1771,-4.400000,0.390847
1772,-4.400000,0.390847
1773,-4.400000,0.390847
1774,-4.400000,0.390847
1775,-4.400000,0.407788
1776,-4.400000,0.407788
1777,-4.400000,0.407788
1778,-4.400000,0.407788
1780,-4.400000,0.424829
1781,-4.400000,0.424829
1782,-4.400000,0.424829
1783,-4.400000,0.424829
1784,-4.400000,0.424829
1785,-4.400000,0.424829
1786,-4.400000,0.442098
1787,-4.400000,0.442098
1788,-4.400000,0.442098
1789,-4.400000,0.442098
1790,-4.400000,0.459698
1791,-4.400000,0.459698
1792,-4.400000,0.459698
1793,-4.400000,0.459698
1794,-4.400000,0.459698
1795,-4.400000,0.477671
1796,-4.400000,0.477671
1797,-4.400000,0.477671
1798,-4.400000,0.477671
1800,4.400000,0.495987
1801,4.400000,0.495987
1802,4.400000,0.495987
1803,4.400000,0.495987
1804,4.400000,0.495987
1805,4.400000,0.495987
1806,4.400000,0.514589
1807,4.400000,0.514589
1808,4.400000,0.514589
1809,4.400000,0.514589
1810,4.400000,0.533389
1811,4.400000,0.533389
1812,4.400000,0.533389
1813,4.400000,0.533389
1814,4.400000,0.533389
1815,4.400000,0.552228
1816,4.400000,0.552228
1817,4.400000,0.552228
1818,4.400000,0.552228
1820,4.400000,0.570522
1821,4.400000,0.570522
1822,4.400000,0.570522
1823,4.400000,0.570522
1824,4.400000,0.570522
1825,4.400000,0.570522
1826,4.400000,0.587621
1827,4.400000,0.587621
1828,4.400000,0.587621
1829,4.400000,0.587621
1830,4.400000,0.603347
1831,4.400000,0.603347
1832,4.400000,0.603347
1833,4.400000,0.603347
1834,4.400000,0.603347
1835,4.400000,0.617724
1836,4.400000,0.617724
1837,4.400000,0.617724
1838,4.400000,0.617724
1840,4.400000,0.630897
1841,4.400000,0.630897
1842,4.400000,0.630897
1843,4.400000,0.630897
1844,4.400000,0.630897
1845,4.400000,0.630897
1846,4.400000,0.642878
1847,4.400000,0.642878
1848,4.400000,0.642878
1849,4.400000,0.642878
1850,4.400000,0.653664
1851,4.400000,0.653664
1852,4.400000,0.653664
1853,4.400000,0.653664
1854,4.400000,0.653664
1855,4.400000,0.663276
1856,4.400000,0.663276
1857,4.400000,0.663276
1858,4.400000,0.663276
1860,4.400000,0.671711
1861,4.400000,0.671711
1862,4.400000,0.671711
1863,4.400000,0.671711
1864,4.400000,0.671711
1865,4.400000,0.671711
1866,4.400000,0.678978
1867,4.400000,0.678978
1868,4.400000,0.678978
1869,4.400000,0.678978
1870,4.400000,0.685074
1871,4.400000,0.685074
1872,4.400000,0.685074
1873,4.400000,0.685074
1874,4.400000,0.685074
1875,4.400000,0.689990
1876,4.400000,0.689990
1877,4.400000,0.689990
1878,4.400000,0.689990
1880,4.400000,0.693719
1881,4.400000,0.693719
1882,4.400000,0.693719
1883,4.400000,0.693719
1884,4.400000,0.693719
1885,4.400000,0.693719
1886,4.400000,0.696294
1887,4.400000,0.696294
1888,4.400000,0.696294
1889,4.400000,0.696294
1890,4.400000,0.697737
1891,4.400000,0.697737
1892,4.400000,0.697737
1893,4.400000,0.697737
1894,4.400000,0.697737
1895,4.400000,0.698050
1896,4.400000,0.698050
1897,4.400000,0.698050
1898,4.400000,0.698050
1900,4.400000,0.697242
1901,4.400000,0.697242
1902,4.400000,0.697242
1903,4.400000,0.697242
1904,4.400000,0.697242
1905,4.400000,0.695381
1906,4.400000,0.695381
1907,4.400000,0.695381
1908,4.400000,0.695381
1909,4.400000,0.695381
1910,4.400000,0.695381
1911,4.400000,0.692503
1912,4.400000,0.692503
1913,4.400000,0.692503
1914,4.400000,0.692503
1915,4.400000,0.688612
1916,4.400000,0.688612
1917,4.400000,0.688612
1918,4.400000,0.688612
1920,4.400000,0.683708
1921,4.400000,0.683708
1922,4.400000,0.683708
1923,4.400000,0.683708
1924,4.400000,0.683708
1925,4.400000,0.677802
1926,4.400000,0.677802
1927,4.400000,0.677802
1928,4.400000,0.677802
1929,4.400000,0.677802
1930,4.400000,0.677802
1931,4.400000,0.670916
1932,4.400000,0.670916
1933,4.400000,0.670916
1934,4.400000,0.670916
1935,4.400000,0.663075
1936,4.400000,0.663075
1937,4.400000,0.663075
1938,4.400000,0.663075
1940,4.400000,0.654296
1941,4.400000,0.654296
1942,4.400000,0.654296
1943,4.400000,0.654296
1944,4.400000,0.654296
1945,4.400000,0.654296
1946,4.400000,0.644609
1947,4.400000,0.644609
1948,4.400000,0.644609
1949,4.400000,0.644609
1950,4.400000,0.634023
1951,4.400000,0.634023
1952,4.400000,0.634023
1953,4.400000,0.634023
1954,4.400000,0.634023
1955,4.400000,0.622520
1956,4.400000,0.622520
1957,4.400000,0.622520
1958,4.400000,0.622520
1960,4.400000,0.610090
1961,4.400000,0.610090
1962,4.400000,0.610090
1963,4.400000,0.610090
1964,4.400000,0.610090
1965,4.400000,0.610090
1966,4.400000,0.596733
1967,4.400000,0.596733
1968,4.400000,0.596733
1969,4.400000,0.596733
1970,4.400000,0.582449
1971,4.400000,0.582449
1972,4.400000,0.582449
1973,4.400000,0.582449
1974,4.400000,0.582449
1975,4.400000,0.567253
1976,4.400000,0.567253
1977,4.400000,0.567253
1978,4.400000,0.567253
1980,4.400000,0.551154
1981,4.400000,0.551154
1982,4.400000,0.551154
1983,4.400000,0.551154
1984,4.400000,0.551154
1985,4.400000,0.551154
1986,4.400000,0.534178
1987,4.400000,0.534178
1988,4.400000,0.534178
1989,4.400000,0.534178
1990,4.400000,0.516329
1991,4.400000,0.516329
1992,4.400000,0.516329
1993,4.400000,0.516329
1994,4.400000,0.516329
1995,4.400000,0.497610
1996,4.400000,0.497610
1997,4.400000,0.497610
1998,4.400000,0.497610
2000,4.400000,0.478013
2001,4.400000,0.478013
2002,4.400000,0.478013
2003,4.400000,0.478013
2004,4.400000,0.478013
2005,4.400000,0.478013
2006,4.400000,0.457556
2007,4.400000,0.457556
2008,4.400000,0.457556
2009,4.400000,0.457556
2010,4.400000,0.436309
2011,4.400000,0.436309
2012,4.400000,0.436309
2013,4.400000,0.436309
2014,4.400000,0.436309
2015,4.400000,0.414490
2016,4.400000,0.414490
2017,4.400000,0.414490
2018,4.400000,0.414490
2020,4.400000,0.392524
2021,4.400000,0.392524
2022,4.400000,0.392524
2023,4.400000,0.392524
2024,4.400000,0.392524
2025,4.400000,0.392524
2026,4.400000,0.370874
2027,4.400000,0.370874
2028,4.400000,0.370874
2029,4.400000,0.370874
2030,4.400000,0.349792
2031,4.400000,0.349792
2032,4.400000,0.349792
2033,4.400000,0.349792
2034,4.400000,0.349792
2035,4.400000,0.329442
2036,4.400000,0.329442
2037,4.400000,0.329442
2038,4.400000,0.329442
2040,4.400000,0.309873
2041,4.400000,0.309873
2042,4.400000,0.309873
2043,4.400000,0.309873
2044,4.400000,0.309873
2045,4.400000,0.309873
2046,4.400000,0.290995
2047,4.400000,0.290995
2048,4.400000,0.290995
2049,4.400000,0.290995
2050,4.400000,0.272776
2051,4.400000,0.272776
2052,4.400000,0.272776
2053,4.400000,0.272776
2054,4.400000,0.272776
2055,4.400000,0.255002
2056,4.400000,0.255002
2057,4.400000,0.255002
2058,4.400000,0.255002
2060,4.400000,0.237512
2061,4.400000,0.237512
2062,4.400000,0.237512
2063,4.400000,0.237512
2064,4.400000,0.237512
2065,4.400000,0.237512
2066,4.400000,0.220145
2067,4.400000,0.220145
2068,4.400000,0.220145
2069,4.400000,0.220145
2070,4.400000,0.202745
2071,4.400000,0.202745
2072,4.400000,0.202745
2073,4.400000,0.202745
2074,4.400000,0.202745
2075,4.400000,0.185149
2076,4.400000,0.185149
2077,4.400000,0.185149
2078,4.400000,0.185149
2080,4.400000,0.167262
2081,4.400000,0.167262
2082,4.400000,0.167262
2083,4.400000,0.167262
2084,4.400000,0.167262
2085,4.400000,0.167262
2086,4.400000,0.149015
2087,4.400000,0.149015
2088,4.400000,0.149015
2089,4.400000,0.149015
2090,4.400000,0.130412
2091,4.400000,0.130412
2092,4.400000,0.130412
2093,4.400000,0.130412
2094,4.400000,0.130412
2095,4.400000,0.111484
2096,4.400000,0.111484
2097,4.400000,0.111484
2098,4.400000,0.111484
2100,-4.400000,0.092301
2101,-4.400000,0.092301
2102,-4.400000,0.092301
2103,-4.400000,0.092301
2104,-4.400000,0.092301
2105,-4.400000,0.092301
2106,-4.400000,0.072971
2107,-4.400000,0.072971
2108,-4.400000,0.072971
2109,-4.400000,0.072971
2110,-4.400000,0.053606
2111,-4.400000,0.053606
2112,-4.400000,0.053606
2113,-4.400000,0.053606
2114,-4.400000,0.053606
2115,-4.400000,0.034327
2116,-4.400000,0.034327
2117,-4.400000,0.034327
2118,-4.400000,0.034327
2120,-4.400000,0.015597
2121,-4.400000,0.015597
2122,-4.400000,0.015597
2123,-4.400000,0.015597
2124,-4.400000,0.015597
2125,-4.400000,0.015597
2126,-4.400000,-0.001947
2127,-4.400000,-0.001947
2128,-4.400000,-0.001947
2129,-4.400000,-0.001947
2130,-4.400000,-0.018137
2131,-4.400000,-0.018137
2132,-4.400000,-0.018137
2133,-4.400000,-0.018137
2134,-4.400000,-0.018137
2135,-4.400000,-0.033033
2136,-4.400000,-0.033033
2137,-4.400000,-0.033033
2138,-4.400000,-0.033033
2140,-4.400000,-0.046766
2141,-4.400000,-0.046766
2142,-4.400000,-0.046766
2143,-4.400000,-0.046766
2144,-4.400000,-0.046766
2145,-4.400000,-0.046766
2146,-4.400000,-0.059356
2147,-4.400000,-0.059356
2148,-4.400000,-0.059356
2149,-4.400000,-0.059356
2150,-4.400000,-0.070771
2151,-4.400000,-0.070771
2152,-4.400000,-0.070771
2153,-4.400000,-0.070771
2154,-4.400000,-0.070771
2155,-4.400000,-0.080994
2156,-4.400000,-0.080994
2157,-4.400000,-0.080994
2158,-4.400000,-0.080994
2160,-4.400000,-0.090024
2161,-4.400000,-0.090024
2162,-4.400000,-0.090024
2163,-4.400000,-0.090024
2164,-4.400000,-0.090024
2165,-4.400000,-0.090024
2166,-4.400000,-0.097889
2167,-4.400000,-0.097889
2168,-4.400000,-0.097889
2169,-4.400000,-0.097889
2170,-4.400000,-0.104635
2171,-4.400000,-0.104635
2172,-4.400000,-0.104635
2173,-4.400000,-0.104635
2174,-4.400000,-0.104635
2175,-4.400000,-0.104635
2176,-4.400000,-0.104635
2177,-4.400000,-0.104635
2178,-4.400000,-0.104635
2180,-4.400000,-0.114907
2181,-4.400000,-0.114907
2182,-4.400000,-0.114907
2183,-4.400000,-0.114907
2184,-4.400000,-0.114907
2185,-4.400000,-0.114907
2186,-4.400000,-0.118450
2187,-4.400000,-0.118450
2188,-4.400000,-0.118450
2189,-4.400000,-0.118450
2190,-4.400000,-0.120931
2191,-4.400000,-0.120931
2192,-4.400000,-0.120931
2193,-4.400000,-0.120931
2194,-4.400000,-0.120931
2195,-4.400000,-0.122335
2196,-4.400000,-0.122335
2197,-4.400000,-0.122335
2198,-4.400000,-0.122335
2200,-4.400000,-0.122639
2201,-4.400000,-0.122639
2202,-4.400000,-0.122639
2203,-4.400000,-0.122639
2204,-4.400000,-0.122639
2205,-4.400000,-0.122639
2206,-4.400000,-0.121880
2207,-4.400000,-0.121880
2208,-4.400000,-0.121880
2209,-4.400000,-0.121880
2210,-4.400000,-0.120133
2211,-4.400000,-0.120133
2212,-4.400000,-0.120133
2213,-4.400000,-0.120133
2214,-4.400000,-0.120133
2215,-4.400000,-0.117438
2216,-4.400000,-0.117438
2217,-4.400000,-0.117438
2218,-4.400000,-0.117438
2220,-4.400000,-0.113797
2221,-4.400000,-0.113797
2222,-4.400000,-0.113797
2223,-4.400000,-0.113797
2224,-4.400000,-0.113797
2225,-4.400000,-0.113797
2226,-4.400000,-0.109213
2227,-4.400000,-0.109213
2228,-4.400000,-0.109213
2229,-4.400000,-0.109213
2230,-4.400000,-0.103698
2231,-4.400000,-0.103698
2232,-4.400000,-0.103698
2233,-4.400000,-0.103698
2234,-4.400000,-0.103698
2235,-4.400000,-0.097257
2236,-4.400000,-0.097257
2237,-4.400000,-0.097257
2238,-4.400000,-0.097257
2240,-4.400000,-0.089903
2241,-4.400000,-0.089903
2242,-4.400000,-0.089903
2243,-4.400000,-0.089903
2244,-4.400000,-0.089903
2245,-4.400000,-0.089903
2246,-4.400000,-0.081638
2247,-4.400000,-0.081638
2248,-4.400000,-0.081638
2249,-4.400000,-0.081638
2250,-4.400000,-0.072479
2251,-4.400000,-0.072479
2252,-4.400000,-0.072479
2253,-4.400000,-0.072479
2254,-4.400000,-0.072479
2255,-4.400000,-0.062447
2256,-4.400000,-0.062447
2257,-4.400000,-0.062447
2258,-4.400000,-0.062447
2260,-4.400000,-0.051533
2261,-4.400000,-0.051533
2262,-4.400000,-0.051533
2263,-4.400000,-0.051533
2264,-4.400000,-0.051533
2265,-4.400000,-0.051533
2266,-4.400000,-0.039736
2267,-4.400000,-0.039736
2268,-4.400000,-0.039736
2269,-4.400000,-0.039736
2270,-4.400000,-0.027078
2271,-4.400000,-0.027078
2272,-4.400000,-0.027078
2273,-4.400000,-0.027078
2274,-4.400000,-0.027078
2275,-4.400000,-0.013565
2276,-4.400000,-0.013565
2277,-4.400000,-0.013565
2278,-4.400000,-0.013565
2280,-4.400000,0.000803
2281,-4.400000,0.000803
2282,-4.400000,0.000803
2283,-4.400000,0.000803
2284,-4.400000,0.000803
2285,-4.400000,0.000803
2286,-4.400000,0.016027
2287,-4.400000,0.016027
2288,-4.400000,0.016027
2289,-4.400000,0.016027
2290,-4.400000,0.032109
2291,-4.400000,0.032109
2292,-4.400000,0.032109
2293,-4.400000,0.032109
2294,-4.400000,0.032109
2295,-4.400000,0.032109
2296,-4.400000,0.049057
2297,-4.400000,0.049057
2298,-4.400000,0.049057
2300,-4.400000,0.066868
2301,-4.400000,0.066868
2302,-4.400000,0.066868
2303,-4.400000,0.066868
2304,-4.400000,0.066868
2305,-4.400000,0.066868
2306,-4.400000,0.085536
2307,-4.400000,0.085536
2308,-4.400000,0.085536
2309,-4.400000,0.085536
2310,-4.400000,0.105048
2311,-4.400000,0.105048
2312,-4.400000,0.105048
2313,-4.400000,0.105048
2314,-4.400000,0.105048
2315,-4.400000,0.125377
2316,-4.400000,0.125377
2317,-4.400000,0.125377
2318,-4.400000,0.125377
2320,-4.400000,0.125377
2321,-4.400000,0.146480
2322,-4.400000,0.146480
2323,-4.400000,0.146480
2324,-4.400000,0.146480
2325,-4.400000,0.146480
2326,-4.400000,0.168216
2327,-4.400000,0.168216
2328,-4.400000,0.168216
2329,-4.400000,0.168216
2330,-4.400000,0.190156
2331,-4.400000,0.190156
2332,-4.400000,0.190156
2333,-4.400000,0.190156
2334,-4.400000,0.190156
2335,-4.400000,0.211844
2336,-4.400000,0.211844
2337,-4.400000,0.211844
2338,-4.400000,0.211844
2340,-4.400000,0.211844
2341,-4.400000,0.233012
2342,-4.400000,0.233012
2343,-4.400000,0.233012
2344,-4.400000,0.233012
2345,-4.400000,0.233012
2346,-4.400000,0.253403
2347,-4.400000,0.253403
2348,-4.400000,0.253403
2349,-4.400000,0.253403
2350,-4.400000,0.272971
2351,-4.400000,0.272971
2352,-4.400000,0.272971
2353,-4.400000,0.272971
2354,-4.400000,0.272971
2355,-4.400000,0.272971
2356,-4.400000,0.291780
2357,-4.400000,0.291780
2358,-4.400000,0.291780
2360,-4.400000,0.309781
2361,-4.400000,0.309781
2362,-4.400000,0.309781
2363,-4.400000,0.309781
2364,-4.400000,0.309781
2365,-4.400000,0.309781
2366,-4.400000,0.327234
2367,-4.400000,0.327234
2368,-4.400000,0.327234
2369,-4.400000,0.327234
2370,-4.400000,0.344333
2371,-4.400000,0.344333
2372,-4.400000,0.344333
2373,-4.400000,0.344333
2374,-4.400000,0.344333
2375,-4.400000,0.344333
2376,-4.400000,0.361297
2377,-4.400000,0.361297
2378,-4.400000,0.361297
2380,-4.400000,0.378296
2381,-4.400000,0.378296
2382,-4.400000,0.378296
2383,-4.400000,0.378296
2384,-4.400000,0.378296
2385,-4.400000,0.378296
2386,-4.400000,0.395501
2387,-4.400000,0.395501
2388,-4.400000,0.395501
2389,-4.400000,0.395501
2390,-4.400000,0.413028
2391,-4.400000,0.413028
2392,-4.400000,0.413028
2393,-4.400000,0.413028
2394,-4.400000,0.413028
2395,-4.400000,0.413028
2396,-4.400000,0.430936
2397,-4.400000,0.430936
2398,-4.400000,0.430936
2400,4.400000,0.430936
2401,4.400000,0.449229
2402,4.400000,0.449229
2403,4.400000,0.449229
2404,4.400000,0.449229
2405,4.400000,0.449229
2406,4.400000,0.467865
2407,4.400000,0.467865
2408,4.400000,0.467865
2409,4.400000,0.467865
2410,4.400000,0.467865
2411,4.400000,0.486763
2412,4.400000,0.486763
2413,4.400000,0.486763
2414,4.400000,0.486763
2415,4.400000,0.486763
2416,4.400000,0.505766
2417,4.400000,0.505766
2419,4.400000,0.505766
2420,4.400000,0.505766
2421,4.400000,0.524266
2422,4.400000,0.524266
2423,4.400000,0.524266
2424,4.400000,0.524266
2425,4.400000,0.524266
2426,4.400000,0.541608
2427,4.400000,0.541608
2428,4.400000,0.541608
2429,4.400000,0.541608
2430,4.400000,0.541608
2431,4.400000,0.557626
2432,4.400000,0.557626
2433,4.400000,0.557626
2434,4.400000,0.557626
2435,4.400000,0.557626
2436,4.400000,0.572346
2437,4.400000,0.572346
2439,4.400000,0.572346
2440,4.400000,0.572346
2441,4.400000,0.585884
2442,4.400000,0.585884
2443,4.400000,0.585884
2444,4.400000,0.585884
2445,4.400000,0.585884
2446,4.400000,0.598227
2447,4.400000,0.598227
2448,4.400000,0.598227
2449,4.400000,0.598227
2450,4.400000,0.598227
2451,4.400000,0.609385
2452,4.400000,0.609385
2453,4.400000,0.609385
2454,4.400000,0.609385
2455,4.400000,0.609385
2456,4.400000,0.609385
2457,4.400000,0.609385
2459,4.400000,0.609385
2460,4.400000,0.609385
2461,4.400000,0.628112
2462,4.400000,0.628112
2463,4.400000,0.628112
2464,4.400000,0.628112
2465,4.400000,0.628112
2466,4.400000,0.635737
2467,4.400000,0.635737
2468,4.400000,0.635737
2469,4.400000,0.635737
2470,4.400000,0.642239
2471,4.400000,0.642239
2472,4.400000,0.642239
2473,4.400000,0.642239
2474,4.400000,0.642239
2475,4.400000,0.642239
2476,4.400000,0.647623
2477,4.400000,0.647623
2479,4.400000,0.647623
2480,4.400000,0.647623
2481,4.400000,0.651901
2482,4.400000,0.651901
2483,4.400000,0.651901
2484,4.400000,0.651901
2485,4.400000,0.651901
2486,4.400000,0.655087
2487,4.400000,0.655087
2488,4.400000,0.655087
2489,4.400000,0.655087
2490,4.400000,0.657196
2491,4.400000,0.657196
2492,4.400000,0.657196
2493,4.400000,0.657196
2494,4.400000,0.657196
2495,4.400000,0.657196
2496,4.400000,0.658230
2497,4.400000,0.658230
2499,4.400000,0.658230
2500,4.400000,0.658230
2501,4.400000,0.658182
2502,4.400000,0.658182
2503,4.400000,0.658182
2504,4.400000,0.658182
2505,4.400000,0.658182
2506,4.400000,0.657086
2507,4.400000,0.657086
2508,4.400000,0.657086
2509,4.400000,0.657086
2510,4.400000,0.654954
2511,4.400000,0.654954
2512,4.400000,0.654954
2513,4.400000,0.654954
2514,4.400000,0.654954
2515,4.400000,0.654954
2516,4.400000,0.651806
2517,4.400000,0.651806
2519,4.400000,0.651806
2520,4.400000,0.651806
2521,4.400000,0.647656
2522,4.400000,0.647656
2523,4.400000,0.647656
2524,4.400000,0.647656
2525,4.400000,0.647656
2526,4.400000,0.642503
2527,4.400000,0.642503
2528,4.400000,0.642503
2529,4.400000,0.642503
2530,4.400000,0.636354
2531,4.400000,0.636354
2532,4.400000,0.636354
2533,4.400000,0.636354
2534,4.400000,0.636354
2535,4.400000,0.636354
2536,4.400000,0.629236
2537,4.400000,0.629236
2539,4.400000,0.629236
2540,4.400000,0.629236
2541,4.400000,0.621168
2542,4.400000,0.621168
2543,4.400000,0.621168
2544,4.400000,0.621168
2545,4.400000,0.621168
2546,4.400000,0.612157
2547,4.400000,0.612157
2548,4.400000,0.612157
2549,4.400000,0.612157
2550,4.400000,0.602204
2551,4.400000,0.602204
2552,4.400000,0.602204
2553,4.400000,0.602204
2554,4.400000,0.602204
2555,4.400000,0.602204
2556,4.400000,0.591299
2557,4.400000,0.591299
2559,4.400000,0.591299
2560,4.400000,0.591299
2561,4.400000,0.579447
2562,4.400000,0.579447
2563,4.400000,0.579447
2564,4.400000,0.579447
2565,4.400000,0.579447
2566,4.400000,0.566674
2567,4.400000,0.566674
2568,4.400000,0.566674
2569,4.400000,0.566674
2570,4.400000,0.552986
2571,4.400000,0.552986
2572,4.400000,0.552986
2573,4.400000,0.552986
2574,4.400000,0.552986
2575,4.400000,0.552986
2576,4.400000,0.538399
2577,4.400000,0.538399
2579,4.400000,0.538399
2580,4.400000,0.538399
2581,4.400000,0.522921
2582,4.400000,0.522921
2583,4.400000,0.522921
2584,4.400000,0.522921
2585,4.400000,0.522921
2586,4.400000,0.506569
2587,4.400000,0.506569
2588,4.400000,0.506569
2589,4.400000,0.506569
2590,4.400000,0.489327
2591,4.400000,0.489327
2592,4.400000,0.489327
2593,4.400000,0.489327
2594,4.400000,0.489327
2595,4.400000,0.489327
2596,4.400000,0.471204
2597,4.400000,0.471204
2599,4.400000,0.471204
2600,4.400000,0.471204
2601,4.400000,0.452209
2602,4.400000,0.452209
2603,4.400000,0.452209
2604,4.400000,0.452209
2605,4.400000,0.452209
2606,4.400000,0.432351
2607,4.400000,0.432351
2608,4.400000,0.432351
2609,4.400000,0.432351
2610,4.400000,0.411624
2611,4.400000,0.411624
2612,4.400000,0.411624
2613,4.400000,0.411624
2614,4.400000,0.411624
2615,4.400000,0.411624
2616,4.400000,0.390110
2618,4.400000,0.390110
2619,4.400000,0.390110
2620,4.400000,0.368089
2621,4.400000,0.368089
2622,4.400000,0.368089
2623,4.400000,0.368089
2624,4.400000,0.368089
2625,4.400000,0.368089
2626,4.400000,0.346055
2627,4.400000,0.346055
2628,4.400000,0.346055
2629,4.400000,0.346055
2630,4.400000,0.324419
2631,4.400000,0.324419
2632,4.400000,0.324419
2633,4.400000,0.324419
2634,4.400000,0.324419
2635,4.400000,0.324419
2636,4.400000,0.303421
2638,4.400000,0.303421
2639,4.400000,0.303421
2640,4.400000,0.303421
2641,4.400000,0.283188
2642,4.400000,0.283188
2643,4.400000,0.283188
2644,4.400000,0.283188
2645,4.400000,0.283188
2646,4.400000,0.263750
2647,4.400000,0.263750
2648,4.400000,0.263750
2649,4.400000,0.263750
2650,4.400000,0.245023
2651,4.400000,0.245023
2652,4.400000,0.245023
2653,4.400000,0.245023
2654,4.400000,0.245023
2655,4.400000,0.245023
2656,4.400000,0.226895
2658,4.400000,0.226895
2659,4.400000,0.226895
2660,4.400000,0.226895
2661,4.400000,0.209206
2662,4.400000,0.209206
2663,4.400000,0.209206
2664,4.400000,0.209206
2665,4.400000,0.209206
2666,4.400000,0.191761
2667,4.400000,0.191761
2668,4.400000,0.191761
2669,4.400000,0.191761
2670,4.400000,0.174361
2671,4.400000,0.174361
2672,4.400000,0.174361
2673,4.400000,0.174361
2674,4.400000,0.174361
2675,4.400000,0.174361
2676,4.400000,0.156840
2678,4.400000,0.156840
2679,4.400000,0.156840
2680,4.400000,0.156840
2681,4.400000,0.139058
2682,4.400000,0.139058
2683,4.400000,0.139058
2684,4.400000,0.139058
2685,4.400000,0.139058
2686,4.400000,0.120927
2687,4.400000,0.120927
2688,4.400000,0.120927
2689,4.400000,0.120927
2690,4.400000,0.102427
2691,4.400000,0.102427
2692,4.400000,0.102427
2693,4.400000,0.102427
2694,4.400000,0.102427
2695,4.400000,0.102427
2696,4.400000,0.083583
2698,4.400000,0.083583
2699,4.400000,0.083583
2700,-4.400000,0.083583
2701,-4.400000,0.064447
2702,-4.400000,0.064447
2703,-4.400000,0.064447
2704,-4.400000,0.064447
2705,-4.400000,0.064447
2706,-4.400000,0.045110
2707,-4.400000,0.045110
2708,-4.400000,0.045110
2709,-4.400000,0.045110
2710,-4.400000,0.025662
2711,-4.400000,0.025662
2712,-4.400000,0.025662
2713,-4.400000,0.025662
2714,-4.400000,0.025662
2715,-4.400000,0.025662
2716,-4.400000,0.006272
2718,-4.400000,0.006272
2719,-4.400000,0.006272
2720,-4.400000,0.006272
2721,-4.400000,-0.012463
2722,-4.400000,-0.012463
2723,-4.400000,-0.012463
2724,-4.400000,-0.012463
2725,-4.400000,-0.012463
2726,-4.400000,-0.029984
2727,-4.400000,-0.029984
2728,-4.400000,-0.029984
2729,-4.400000,-0.029984
2730,-4.400000,-0.046163
2731,-4.400000,-0.046163
2732,-4.400000,-0.046163
2733,-4.400000,-0.046163
2734,-4.400000,-0.046163
2735,-4.400000,-0.046163
2736,-4.400000,-0.061097
2738,-4.400000,-0.061097
2739,-4.400000,-0.061097
2740,-4.400000,-0.061097
2741,-4.400000,-0.074881
2742,-4.400000,-0.074881
2743,-4.400000,-0.074881
2744,-4.400000,-0.074881
2745,-4.400000,-0.074881
2746,-4.400000,-0.087522
2747,-4.400000,-0.087522
2748,-4.400000,-0.087522
2749,-4.400000,-0.087522
2750,-4.400000,-0.098985
2751,-4.400000,-0.098985
2752,-4.400000,-0.098985
2753,-4.400000,-0.098985
2754,-4.400000,-0.098985
2755,-4.400000,-0.098985
2756,-4.400000,-0.109272
2758,-4.400000,-0.109272
2759,-4.400000,-0.109272
2760,-4.400000,-0.109272
2761,-4.400000,-0.118407
2762,-4.400000,-0.118407
2763,-4.400000,-0.118407
2764,-4.400000,-0.118407
2765,-4.400000,-0.118407
2766,-4.400000,-0.126429
2767,-4.400000,-0.126429
2768,-4.400000,-0.126429
2769,-4.400000,-0.126429
2770,-4.400000,-0.133349
2771,-4.400000,-0.133349
2772,-4.400000,-0.133349
2773,-4.400000,-0.133349
2774,-4.400000,-0.133349
2775,-4.400000,-0.133349
2776,-4.400000,-0.139196
2778,-4.400000,-0.139196
2779,-4.400000,-0.139196
2780,-4.400000,-0.139196
2781,-4.400000,-0.143974
2782,-4.400000,-0.143974
2783,-4.400000,-0.143974
2784,-4.400000,-0.143974
2785,-4.400000,-0.143974
2786,-4.400000,-0.147685
2787,-4.400000,-0.147685
2788,-4.400000,-0.147685
2789,-4.400000,-0.147685
2790,-4.400000,-0.150306
2791,-4.400000,-0.150306
2792,-4.400000,-0.150306
2793,-4.400000,-0.150306
2794,-4.400000,-0.150306
2795,-4.400000,-0.150306
2796,-4.400000,-0.151804
2798,-4.400000,-0.151804
2799,-4.400000,-0.151804
2800,-4.400000,-0.151804
2801,-4.400000,-0.152173
2802,-4.400000,-0.152173
2803,-4.400000,-0.152173
2804,-4.400000,-0.152173
2805,-4.400000,-0.152173
2806,-4.400000,-0.151467
2807,-4.400000,-0.151467
2808,-4.400000,-0.151467
2809,-4.400000,-0.151467
2810,-4.400000,-0.149767
2811,-4.400000,-0.149767
2812,-4.400000,-0.149767
2813,-4.400000,-0.149767
2814,-4.400000,-0.149767
2815,-4.400000,-0.149767
2816,-4.400000,-0.147124
2818,-4.400000,-0.147124
2819,-4.400000,-0.147124
2820,-4.400000,-0.147124
2821,-4.400000,-0.143555
2822,-4.400000,-0.143555
2823,-4.400000,-0.143555
2824,-4.400000,-0.143555
2825,-4.400000,-0.143555
2826,-4.400000,-0.139056
2827,-4.400000,-0.139056
2828,-4.400000,-0.139056
2829,-4.400000,-0.139056
2830,-4.400000,-0.133646
2831,-4.400000,-0.133646
2832,-4.400000,-0.133646
2833,-4.400000,-0.133646
2834,-4.400000,-0.133646
2835,-4.400000,-0.133646
2836,-4.400000,-0.127342
2838,-4.400000,-0.127342
2839,-4.400000,-0.127342
2840,-4.400000,-0.127342
2841,-4.400000,-0.120159
2842,-4.400000,-0.120159
2843,-4.400000,-0.120159
2844,-4.400000,-0.120159
2845,-4.400000,-0.120159
2846,-4.400000,-0.112122
2847,-4.400000,-0.112122
2848,-4.400000,-0.112122
2849,-4.400000,-0.112122
2850,-4.400000,-0.103231
2851,-4.400000,-0.103231
2852,-4.400000,-0.103231
2853,-4.400000,-0.103231
2854,-4.400000,-0.103231
2855,-4.400000,-0.103231
2856,-4.400000,-0.093482
2858,-4.400000,-0.093482
2859,-4.400000,-0.093482
2860,-4.400000,-0.093482
2861,-4.400000,-0.082854
2862,-4.400000,-0.082854
2863,-4.400000,-0.082854
2864,-4.400000,-0.082854
2865,-4.400000,-0.082854
2866,-4.400000,-0.071363
2867,-4.400000,-0.071363
2868,-4.400000,-0.071363
2869,-4.400000,-0.071363
2870,-4.400000,-0.059013
2871,-4.400000,-0.059013
2872,-4.400000,-0.059013
2873,-4.400000,-0.059013
2874,-4.400000,-0.059013
2875,-4.400000,-0.059013
2876,-4.400000,-0.045814
2878,-4.400000,-0.045814
2879,-4.400000,-0.045814
2880,-4.400000,-0.045814
2881,-4.400000,-0.031760
2882,-4.400000,-0.031760
2883,-4.400000,-0.031760
2884,-4.400000,-0.031760
2885,-4.400000,-0.031760
2886,-4.400000,-0.016864
2887,-4.400000,-0.016864
2888,-4.400000,-0.016864
2889,-4.400000,-0.016864
2890,-4.400000,-0.001127
2891,-4.400000,-0.001127
2892,-4.400000,-0.001127
2893,-4.400000,-0.001127
2894,-4.400000,-0.001127
2895,-4.400000,-0.001127
2896,-4.400000,0.015456
2898,-4.400000,0.015456
2899,-4.400000,0.015456
2900,-4.400000,0.015456
2901,-4.400000,0.032872
2902,-4.400000,0.032872
2903,-4.400000,0.032872
2904,-4.400000,0.032872
2905,-4.400000,0.032872
2906,-4.400000,0.051137
2907,-4.400000,0.051137
2908,-4.400000,0.051137
2909,-4.400000,0.051137
2910,-4.400000,0.070235
2911,-4.400000,0.070235
2912,-4.400000,0.070235
2913,-4.400000,0.070235
2914,-4.400000,0.070235
2915,-4.400000,0.070235
2916,-4.400000,0.090143
2918,-4.400000,0.090143
2919,-4.400000,0.090143
2920,-4.400000,0.090143
2921,-4.400000,0.110826
2922,-4.400000,0.110826
2923,-4.400000,0.110826
2924,-4.400000,0.110826
2925,-4.400000,0.110826
2926,-4.400000,0.132131
2927,-4.400000,0.132131
2928,-4.400000,0.132131
2929,-4.400000,0.132131
2930,-4.400000,0.153724
2931,-4.400000,0.153724
2932,-4.400000,0.153724
2933,-4.400000,0.153724
2934,-4.400000,0.153724
2935,-4.400000,0.153724
2936,-4.400000,0.175175
2938,-4.400000,0.175175
2939,-4.400000,0.175175
2940,-4.400000,0.175175
2941,-4.400000,0.196136
2942,-4.400000,0.196136
2943,-4.400000,0.196136
2944,-4.400000,0.196136
2945,-4.400000,0.196136
2946,-4.400000,0.216401
2947,-4.400000,0.216401
2948,-4.400000,0.216401
2949,-4.400000,0.216401
2950,-4.400000,0.235889
2951,-4.400000,0.235889
2952,-4.400000,0.235889
2953,-4.400000,0.235889
2954,-4.400000,0.235889
2955,-4.400000,0.235889
2956,-4.400000,0.254623
2958,-4.400000,0.254623
2959,-4.400000,0.254623
2960,-4.400000,0.254623
2961,-4.400000,0.272702
2962,-4.400000,0.272702
2963,-4.400000,0.272702
2964,-4.400000,0.272702
2965,-4.400000,0.272702
2966,-4.400000,0.290283
2967,-4.400000,0.290283
2968,-4.400000,0.290283
2969,-4.400000,0.290283
2970,-4.400000,0.307542
2971,-4.400000,0.307542
2972,-4.400000,0.307542
2973,-4.400000,0.307542
2974,-4.400000,0.307542
2975,-4.400000,0.324648
2976,-4.400000,0.324648
2978,-4.400000,0.324648
2979,-4.400000,0.324648
2980,-4.400000,0.324648
2981,-4.400000,0.341783
2982,-4.400000,0.341783
2983,-4.400000,0.341783
2984,-4.400000,0.341783
2985,-4.400000,0.341783
2986,-4.400000,0.341783
2987,-4.400000,0.341783
2988,-4.400000,0.341783
2989,-4.400000,0.341783
2990,-4.400000,0.376714
2991,-4.400000,0.376714
2992,-4.400000,0.376714
2993,-4.400000,0.376714
2994,-4.400000,0.376714
2995,-4.400000,0.376714
2996,-4.400000,0.394670
2998,-4.400000,0.394670
2999,-4.400000,0.394670
3000,4.400000,0.394670
3001,4.400000,0.412960
3002,4.400000,0.412960
3003,4.400000,0.412960
3004,4.400000,0.412960
3005,4.400000,0.412960
3006,4.400000,0.431559
3007,4.400000,0.431559
3008,4.400000,0.431559
3009,4.400000,0.431559
3010,4.400000,0.450381
3011,4.400000,0.450381
3012,4.400000,0.450381
3013,4.400000,0.450381
3014,4.400000,0.450381
3015,4.400000,0.450381
3016,4.400000,0.469237
3018,4.400000,0.469237
3019,4.400000,0.469237
3020,4.400000,0.469237
3021,4.400000,0.487449
3022,4.400000,0.487449
3023,4.400000,0.487449
3024,4.400000,0.487449
3025,4.400000,0.487449
3026,4.400000,0.504427
3027,4.400000,0.504427
3028,4.400000,0.504427
3029,4.400000,0.504427
3030,4.400000,0.520056
3031,4.400000,0.520056
3032,4.400000,0.520056
3033,4.400000,0.520056
3034,4.400000,0.520056
3035,4.400000,0.520056
3036,4.400000,0.534396
3038,4.400000,0.534396
3039,4.400000,0.534396
3040,4.400000,0.534396
3041,4.400000,0.547576
3042,4.400000,0.547576
3043,4.400000,0.547576
3044,4.400000,0.547576
3045,4.400000,0.547576
3046,4.400000,0.559572
3047,4.400000,0.559572
3048,4.400000,0.559572
3049,4.400000,0.559572
3050,4.400000,0.570363
3051,4.400000,0.570363
3052,4.400000,0.570363
3053,4.400000,0.570363
3054,4.400000,0.570363
3055,4.400000,0.570363
3056,4.400000,0.579912
3058,4.400000,0.579912
3059,4.400000,0.579912
3060,4.400000,0.579912
3061,4.400000,0.588219
3062,4.400000,0.588219
3063,4.400000,0.588219
3064,4.400000,0.588219
3065,4.400000,0.588219
3066,4.400000,0.588219
3067,4.400000,0.588219
3068,4.400000,0.588219
3069,4.400000,0.588219
3070,4.400000,0.588219
3071,4.400000,0.601148
3072,4.400000,0.601148
3073,4.400000,0.601148
3074,4.400000,0.601148
3075,4.400000,0.601148
3076,4.400000,0.605772
3078,4.400000,0.605772
3079,4.400000,0.605772
3080,4.400000,0.605772
3081,4.400000,0.609196
3082,4.400000,0.609196
3083,4.400000,0.609196
3084,4.400000,0.609196
3085,4.400000,0.609196
3086,4.400000,0.611450
3087,4.400000,0.611450
3088,4.400000,0.611450
3089,4.400000,0.611450
3090,4.400000,0.612553
3091,4.400000,0.612553
3092,4.400000,0.612553
3093,4.400000,0.612553
3094,4.400000,0.612553
3095,4.400000,0.612553
3096,4.400000,0.612521
3098,4.400000,0.612521
3099,4.400000,0.612521
3100,4.400000,0.612521
3101,4.400000,0.611423
3102,4.400000,0.611423
3103,4.400000,0.611423
3104,4.400000,0.611423
3105,4.400000,0.611423
3106,4.400000,0.609326
3107,4.400000,0.609326
3108,4.400000,0.609326
3109,4.400000,0.609326
3110,4.400000,0.606226
3111,4.400000,0.606226
3112,4.400000,0.606226
3113,4.400000,0.606226
3114,4.400000,0.606226
3115,4.400000,0.606226
3116,4.400000,0.602114
3118,4.400000,0.602114
3119,4.400000,0.602114
3120,4.400000,0.602114
3121,4.400000,0.596992
3122,4.400000,0.596992
3123,4.400000,0.596992
3124,4.400000,0.596992
3125,4.400000,0.596992
3126,4.400000,0.590872
3127,4.400000,0.590872
3128,4.400000,0.590872
3129,4.400000,0.590872
3130,4.400000,0.583767
3131,4.400000,0.583767
3132,4.400000,0.583767
3133,4.400000,0.583767
3134,4.400000,0.583767
3135,4.400000,0.583767
3136,4.400000,0.575684
3138,4.400000,0.575684
3139,4.400000,0.575684
3140,4.400000,0.575684
3141,4.400000,0.566638
3142,4.400000,0.566638
3143,4.400000,0.566638
3144,4.400000,0.566638
3145,4.400000,0.566638
3146,4.400000,0.556659
3147,4.400000,0.556659
3148,4.400000,0.556659
3149,4.400000,0.556659
3150,4.400000,0.545763
3151,4.400000,0.545763
3152,4.400000,0.545763
3153,4.400000,0.545763
3154,4.400000,0.545763
3155,4.400000,0.545763
3156,4.400000,0.533953
3158,4.400000,0.533953
3159,4.400000,0.533953
3160,4.400000,0.533953
3161,4.400000,0.521244
3162,4.400000,0.521244
3163,4.400000,0.521244
3164,4.400000,0.521244
3165,4.400000,0.521244
3166,4.400000,0.507695
3167,4.400000,0.507695
3168,4.400000,0.507695
3169,4.400000,0.507695
3170,4.400000,0.493200
3171,4.400000,0.493200
3172,4.400000,0.493200
3173,4.400000,0.493200
3174,4.400000,0.493200
3175,4.400000,0.493200
3176,4.400000,0.477878
3178,4.400000,0.477878
3179,4.400000,0.477878
3180,4.400000,0.477878
3181,4.400000,0.461723
3182,4.400000,0.461723
3183,4.400000,0.461723
3184,4.400000,0.461723
3185,4.400000,0.461723
3186,4.400000,0.444658
3187,4.400000,0.444658
3188,4.400000,0.444658
3189,4.400000,0.444658
3190,4.400000,0.426797
3191,4.400000,0.426797
3192,4.400000,0.426797
3193,4.400000,0.426797
3194,4.400000,0.426797
3195,4.400000,0.426797
3197,4.400000,0.408021
3198,4.400000,0.408021
3199,4.400000,0.408021
3200,4.400000,0.408021
3201,4.400000,0.388396
3202,4.400000,0.388396
3203,4.400000,0.388396
3204,4.400000,0.388396
3205,4.400000,0.388396
3206,4.400000,0.367867
3207,4.400000,0.367867
3208,4.400000,0.367867
3209,4.400000,0.367867
3210,4.400000,0.346518
3211,4.400000,0.346518
3212,4.400000,0.346518
3213,4.400000,0.346518
3214,4.400000,0.346518
3215,4.400000,0.346518
3216,4.400000,0.324588
3218,4.400000,0.324588
3219,4.400000,0.324588
3220,4.400000,0.324588
3221,4.400000,0.302502
3222,4.400000,0.302502
3223,4.400000,0.302502
3224,4.400000,0.302502
3225,4.400000,0.302502
3226,4.400000,0.280752
3227,4.400000,0.280752
3228,4.400000,0.280752
3229,4.400000,0.280752
3230,4.400000,0.259602
3231,4.400000,0.259602
3232,4.400000,0.259602
3233,4.400000,0.259602
3234,4.400000,0.259602
3235,4.400000,0.259602
3236,4.400000,0.239209
3238,4.400000,0.239209
3239,4.400000,0.239209
3240,4.400000,0.239209
3241,4.400000,0.219625
3242,4.400000,0.219625
3243,4.400000,0.219625
3244,4.400000,0.219625
3245,4.400000,0.219625
3246,4.400000,0.200789
3247,4.400000,0.200789
3248,4.400000,0.200789
3249,4.400000,0.200789
3250,4.400000,0.182570
3251,4.400000,0.182570
3252,4.400000,0.182570
3253,4.400000,0.182570
3254,4.400000,0.182570
3255,4.400000,0.182570
3256,4.400000,0.164812
3258,4.400000,0.164812
3259,4.400000,0.164812
3260,4.400000,0.164812
3261,4.400000,0.147347
3262,4.400000,0.147347
3263,4.400000,0.147347
3264,4.400000,0.147347
3265,4.400000,0.147347
3266,4.400000,0.129979
3267,4.400000,0.129979
3268,4.400000,0.129979
3269,4.400000,0.129979
3270,4.400000,0.112515
3271,4.400000,0.112515
3272,4.400000,0.112515
3273,4.400000,0.112515
3274,4.400000,0.112515
3275,4.400000,0.112515
3276,4.400000,0.094824
3278,4.400000,0.094824
3279,4.400000,0.094824
3280,4.400000,0.094824
3281,4.400000,0.076821
3282,4.400000,0.076821
3283,4.400000,0.076821
3284,4.400000,0.076821
3285,4.400000,0.076821
3286,4.400000,0.058467
3287,4.400000,0.058467
3288,4.400000,0.058467
3289,4.400000,0.058467
3290,4.400000,0.039754
3291,4.400000,0.039754
3292,4.400000,0.039754
3293,4.400000,0.039754
3294,4.400000,0.039754
3295,4.400000,0.039754
3296,4.400000,0.020714
3298,4.400000,0.020714
3299,4.400000,0.020714
3300,-4.400000,0.020714
3301,-4.400000,0.001439
3302,-4.400000,0.001439
3303,-4.400000,0.001439
3304,-4.400000,0.001439
3305,-4.400000,0.001439
3306,-4.400000,-0.017952
3307,-4.400000,-0.017952
3308,-4.400000,-0.017952
3309,-4.400000,-0.017952
3310,-4.400000,-0.037362
3311,-4.400000,-0.037362
3312,-4.400000,-0.037362
3313,-4.400000,-0.037362
3314,-4.400000,-0.037362
3315,-4.400000,-0.037362
3316,-4.400000,-0.056637
3318,-4.400000,-0.056637
3319,-4.400000,-0.056637
3320,-4.400000,-0.056637
3321,-4.400000,-0.075213
3322,-4.400000,-0.075213
3323,-4.400000,-0.075213
3324,-4.400000,-0.075213
3325,-4.400000,-0.075213
3326,-4.400000,-0.092534
3327,-4.400000,-0.092534
3328,-4.400000,-0.092534
3329,-4.400000,-0.092534
3330,-4.400000,-0.108507
3331,-4.400000,-0.108507
3332,-4.400000,-0.108507
3333,-4.400000,-0.108507
3334,-4.400000,-0.108507
3335,-4.400000,-0.108507
3336,-4.400000,-0.123275
3338,-4.400000,-0.123275
3339,-4.400000,-0.123275
3340,-4.400000,-0.123275
3341,-4.400000,-0.136940
3342,-4.400000,-0.136940
3343,-4.400000,-0.136940
3344,-4.400000,-0.136940
3345,-4.400000,-0.136940
3346,-4.400000,-0.149506
3347,-4.400000,-0.149506
3348,-4.400000,-0.149506
3349,-4.400000,-0.149506
3350,-4.400000,-0.160924
3351,-4.400000,-0.160924
3352,-4.400000,-0.160924
3353,-4.400000,-0.160924
3354,-4.400000,-0.160924
3355,-4.400000,-0.160924
3356,-4.400000,-0.171157
3358,-4.400000,-0.171157
3359,-4.400000,-0.171157
3360,-4.400000,-0.171157
3361,-4.400000,-0.180167
3362,-4.400000,-0.180167
3363,-4.400000,-0.180167
3364,-4.400000,-0.180167
3365,-4.400000,-0.180167
3366,-4.400000,-0.187966
3367,-4.400000,-0.187966
3368,-4.400000,-0.187966
3369,-4.400000,-0.187966
3370,-4.400000,-0.194577
3371,-4.400000,-0.194577
3372,-4.400000,-0.194577
3373,-4.400000,-0.194577
3374,-4.400000,-0.194577
3375,-4.400000,-0.194577
3376,-4.400000,-0.200014
3378,-4.400000,-0.200014
3379,-4.400000,-0.200014
3380,-4.400000,-0.200014
3381,-4.400000,-0.204252
3382,-4.400000,-0.204252
3383,-4.400000,-0.204252
3384,-4.400000,-0.204252
3385,-4.400000,-0.204252
3386,-4.400000,-0.207294
3387,-4.400000,-0.207294
3388,-4.400000,-0.207294
3389,-4.400000,-0.207294
3390,-4.400000,-0.209121
3391,-4.400000,-0.209121
3392,-4.400000,-0.209121
3393,-4.400000,-0.209121
3394,-4.400000,-0.209121
3395,-4.400000,-0.209121
3396,-4.400000,-0.209719
3398,-4.400000,-0.209719
3399,-4.400000,-0.209719
3400,-4.400000,-0.209719
3401,-4.400000,-0.209182
3402,-4.400000,-0.209182
3403,-4.400000,-0.209182
3404,-4.400000,-0.209182
3405,-4.400000,-0.209182
3406,-4.400000,-0.207659
3407,-4.400000,-0.207659
3408,-4.400000,-0.207659
3409,-4.400000,-0.207659
3410,-4.400000,-0.205213
3411,-4.400000,-0.205213
3412,-4.400000,-0.205213
3413,-4.400000,-0.205213
3414,-4.400000,-0.205213
3415,-4.400000,-0.205213
3416,-4.400000,-0.201784
3418,-4.400000,-0.201784
3419,-4.400000,-0.201784
3420,-4.400000,-0.201784
3421,-4.400000,-0.197478
3422,-4.400000,-0.197478
3423,-4.400000,-0.197478
3424,-4.400000,-0.197478
3425,-4.400000,-0.197478
3426,-4.400000,-0.192160
3427,-4.400000,-0.192160
3428,-4.400000,-0.192160
3429,-4.400000,-0.192160
3430,-4.400000,-0.185982
3431,-4.400000,-0.185982
3432,-4.400000,-0.185982
3433,-4.400000,-0.185982
3434,-4.400000,-0.185982
3435,-4.400000,-0.185982
3436,-4.400000,-0.178905
3438,-4.400000,-0.178905
3439,-4.400000,-0.178905
3440,-4.400000,-0.178905
3441,-4.400000,-0.170949
3442,-4.400000,-0.170949
3443,-4.400000,-0.170949
3444,-4.400000,-0.170949
3445,-4.400000,-0.170949
3446,-4.400000,-0.162139
3447,-4.400000,-0.162139
3448,-4.400000,-0.162139
3449,-4.400000,-0.162139
3450,-4.400000,-0.152500
3451,-4.400000,-0.152500
3452,-4.400000,-0.152500
3453,-4.400000,-0.152500
3454,-4.400000,-0.152500
3455,-4.400000,-0.152500
3456,-4.400000,-0.142044
3458,-4.400000,-0.142044
3459,-4.400000,-0.142044
3460,-4.400000,-0.142044
3461,-4.400000,-0.130775
3462,-4.400000,-0.130775
3463,-4.400000,-0.130775
3464,-4.400000,-0.130775
3465,-4.400000,-0.130775
3466,-4.400000,-0.118710
3467,-4.400000,-0.118710
3468,-4.400000,-0.118710
3469,-4.400000,-0.118710
3470,-4.400000,-0.105832
3471,-4.400000,-0.105832
3472,-4.400000,-0.105832
3473,-4.400000,-0.105832
3474,-4.400000,-0.105832
3475,-4.400000,-0.105832
3476,-4.400000,-0.092094
3478,-4.400000,-0.092094
3479,-4.400000,-0.092094
3480,-4.400000,-0.092094
3481,-4.400000,-0.077586
3482,-4.400000,-0.077586
3483,-4.400000,-0.077586
3484,-4.400000,-0.077586
3485,-4.400000,-0.077586
3486,-4.400000,-0.062268
3487,-4.400000,-0.062268
3488,-4.400000,-0.062268
3489,-4.400000,-0.062268
3490,-4.400000,-0.046147
3491,-4.400000,-0.046147
3492,-4.400000,-0.046147
3493,-4.400000,-0.046147
3494,-4.400000,-0.046147
3495,-4.400000,-0.046147
3496,-4.400000,-0.029235
3498,-4.400000,-0.029235
3499,-4.400000,-0.029235
3500,-4.400000,-0.029235
3501,-4.400000,-0.011528
3502,-4.400000,-0.011528
3503,-4.400000,-0.011528
3504,-4.400000,-0.011528
3505,-4.400000,-0.011528
3506,-4.400000,0.006972
3507,-4.400000,0.006972
3508,-4.400000,0.006972
3509,-4.400000,0.006972
3510,-4.400000,0.026236
3511,-4.400000,0.026236
3512,-4.400000,0.026236
3513,-4.400000,0.026236
3514,-4.400000,0.026236
3515,-4.400000,0.026236
3516,-4.400000,0.046332
3518,-4.400000,0.046332
3519,-4.400000,0.046332
3520,-4.400000,0.046332
3521,-4.400000,0.067148
3522,-4.400000,0.067148
3523,-4.400000,0.067148
3524,-4.400000,0.067148
3525,-4.400000,0.067148
3526,-4.400000,0.088427
3527,-4.400000,0.088427
3528,-4.400000,0.088427
3529,-4.400000,0.088427
3530,-4.400000,0.109829
3531,-4.400000,0.109829
3532,-4.400000,0.109829
3533,-4.400000,0.109829
3534,-4.400000,0.109829
3535,-4.400000,0.109829
3536,-4.400000,0.130945
3538,-4.400000,0.130945
3539,-4.400000,0.130945
3540,-4.400000,0.130945
3541,-4.400000,0.151385
3542,-4.400000,0.151385
3543,-4.400000,0.151385
3544,-4.400000,0.151385
3545,-4.400000,0.151385
3546,-4.400000,0.171052
3547,-4.400000,0.171052
3548,-4.400000,0.171052
3549,-4.400000,0.171052
3550,-4.400000,0.189809
3551,-4.400000,0.189809
3552,-4.400000,0.189809
3553,-4.400000,0.189809
3554,-4.400000,0.189809
3555,-4.400000,0.189809
3556,-4.400000,0.207816
3558,-4.400000,0.207816
3559,-4.400000,0.207816
3560,-4.400000,0.207816
3561,-4.400000,0.225205
3562,-4.400000,0.225205
3563,-4.400000,0.225205
3564,-4.400000,0.225205
3565,-4.400000,0.225205
3566,-4.400000,0.242240
3567,-4.400000,0.242240
3568,-4.400000,0.242240
3569,-4.400000,0.242240
3570,-4.400000,0.259041
3571,-4.400000,0.259041
3572,-4.400000,0.259041
3573,-4.400000,0.259041
3574,-4.400000,0.259041
3575,-4.400000,0.259041
3576,-4.400000,0.275826
3578,-4.400000,0.275826
3579,-4.400000,0.275826
3580,-4.400000,0.275826
3581,-4.400000,0.292775
3582,-4.400000,0.292775
3583,-4.400000,0.292775
3584,-4.400000,0.292775
3585,-4.400000,0.292775
3586,-4.400000,0.309975
3587,-4.400000,0.309975
3588,-4.400000,0.309975
3589,-4.400000,0.309975
3590,-4.400000,0.327575
3591,-4.400000,0.327575
3592,-4.400000,0.327575
3593,-4.400000,0.327575
3594,-4.400000,0.327575
3595,-4.400000,0.327575
3596,-4.400000,0.345535
3598,-4.400000,0.345535
3599,-4.400000,0.345535
3600,4.400000,0.345535
3601,4.400000,0.363832
3602,4.400000,0.363832
3603,4.400000,0.363832
3604,4.400000,0.363832
3605,4.400000,0.363832
3606,4.400000,0.382359
3607,4.400000,0.382359
3608,4.400000,0.382359
3609,4.400000,0.382359
3610,4.400000,0.401042
3611,4.400000,0.401042
3612,4.400000,0.401042
3613,4.400000,0.401042
3614,4.400000,0.401042
3615,4.400000,0.401042
3616,4.400000,0.419622
3618,4.400000,0.419622
3619,4.400000,0.419622
3620,4.400000,0.419622
3621,4.400000,0.419622
3622,4.400000,0.437299
3623,4.400000,0.437299
3624,4.400000,0.437299
3625,4.400000,0.437299
3626,4.400000,0.437299
3627,4.400000,0.437299
3628,4.400000,0.437299
3629,4.400000,0.437299
3630,4.400000,0.437299
3631,4.400000,0.468757
3632,4.400000,0.468757
3633,4.400000,0.468757
3634,4.400000,0.468757
3635,4.400000,0.468757
3636,4.400000,0.468757
3638,4.400000,0.468757
3639,4.400000,0.468757
3640,4.400000,0.468757
3641,4.400000,0.468757
3642,4.400000,0.494969
3643,4.400000,0.494969
3644,4.400000,0.494969
3645,4.400000,0.494969
3646,4.400000,0.494969
3647,4.400000,0.494969
3648,4.400000,0.494969
3649,4.400000,0.494969
3650,4.400000,0.494969
3651,4.400000,0.516254
3652,4.400000,0.516254
3653,4.400000,0.516254
3654,4.400000,0.516254
3655,4.400000,0.516254
3656,4.400000,0.516254
3658,4.400000,0.516254
3659,4.400000,0.516254
3660,4.400000,0.516254
3661,4.400000,0.516254
3662,4.400000,0.532589
3663,4.400000,0.532589
3664,4.400000,0.532589
3665,4.400000,0.532589
3666,4.400000,0.532589
3667,4.400000,0.532589
3668,4.400000,0.532589
3669,4.400000,0.532589
3670,4.400000,0.532589
3671,4.400000,0.544000
3672,4.400000,0.544000
3673,4.400000,0.544000
3674,4.400000,0.544000
3675,4.400000,0.544000
3676,4.400000,0.547898
3678,4.400000,0.547898
3679,4.400000,0.547898
3680,4.400000,0.547898
3681,4.400000,0.550572
3682,4.400000,0.550572
3683,4.400000,0.550572
3684,4.400000,0.550572
3685,4.400000,0.550572
3686,4.400000,0.552048
3687,4.400000,0.552048
3688,4.400000,0.552048
3689,4.400000,0.552048
3690,4.400000,0.552360
3691,4.400000,0.552360
3692,4.400000,0.552360
3693,4.400000,0.552360
3694,4.400000,0.552360
3695,4.400000,0.552360
3697,4.400000,0.551598
3698,4.400000,0.551598
3699,4.400000,0.551598
3700,4.400000,0.551598
3701,4.400000,0.549878
3702,4.400000,0.549878
3703,4.400000,0.549878
3704,4.400000,0.549878
3705,4.400000,0.549878
3706,4.400000,0.547228
3707,4.400000,0.547228
3708,4.400000,0.547228
3709,4.400000,0.547228
3710,4.400000,0.543610
3711,4.400000,0.543610
3712,4.400000,0.543610
3713,4.400000,0.543610
3714,4.400000,0.543610
3715,4.400000,0.543610
3717,4.400000,0.539000
3718,4.400000,0.539000
3719,4.400000,0.539000
3720,4.400000,0.539000
3721,4.400000,0.533403
3722,4.400000,0.533403
3723,4.400000,0.533403
3724,4.400000,0.533403
3725,4.400000,0.533403
3726,4.400000,0.526837
3727,4.400000,0.526837
3728,4.400000,0.526837
3729,4.400000,0.526837
3730,4.400000,0.519326
3731,4.400000,0.519326
3732,4.400000,0.519326
3733,4.400000,0.519326
3734,4.400000,0.519326
3735,4.400000,0.519326
3737,4.400000,0.510883
3738,4.400000,0.510883
3739,4.400000,0.510883
3740,4.400000,0.510883
3741,4.400000,0.501525
3742,4.400000,0.501525
3743,4.400000,0.501525
3744,4.400000,0.501525
3745,4.400000,0.501525
3746,4.400000,0.491315
3747,4.400000,0.491315
3748,4.400000,0.491315
3749,4.400000,0.491315
3750,4.400000,0.480132
3751,4.400000,0.480132
3752,4.400000,0.480132
3753,4.400000,0.480132
3754,4.400000,0.480132
3755,4.400000,0.480132
3757,4.400000,0.468107
3758,4.400000,0.468107
3759,4.400000,0.468107
3760,4.400000,0.468107
3761,4.400000,0.455200
3762,4.400000,0.455200
3763,4.400000,0.455200
3764,4.400000,0.455200
3765,4.400000,0.455200
3766,4.400000,0.441426
3767,4.400000,0.441426
3768,4.400000,0.441426
3769,4.400000,0.441426
3770,4.400000,0.426847
3771,4.400000,0.426847
3772,4.400000,0.426847
3773,4.400000,0.426847
3774,4.400000,0.426847
3775,4.400000,0.426847
3777,4.400000,0.411356
3778,4.400000,0.411356
3779,4.400000,0.411356
3780,4.400000,0.411356
3781,4.400000,0.395040
3782,4.400000,0.395040
3783,4.400000,0.395040
3784,4.400000,0.395040
3785,4.400000,0.395040
3786,4.400000,0.377824
3787,4.400000,0.377824
3788,4.400000,0.377824
3789,4.400000,0.377824
3790,4.400000,0.359686
3791,4.400000,0.359686
3792,4.400000,0.359686
3793,4.400000,0.359686
3794,4.400000,0.359686
3795,4.400000,0.359686
3797,4.400000,0.340646
3798,4.400000,0.340646
3799,4.400000,0.340646
3800,4.400000,0.340646
3801,4.400000,0.320713
3802,4.400000,0.320713
3803,4.400000,0.320713
3804,4.400000,0.320713
3805,4.400000,0.320713
3806,4.400000,0.299913
3807,4.400000,0.299913
3808,4.400000,0.299913
3809,4.400000,0.299913
3810,4.400000,0.278377
3811,4.400000,0.278377
3812,4.400000,0.278377
3813,4.400000,0.278377
3814,4.400000,0.278377
3815,4.400000,0.278377
3817,4.400000,0.256462
3818,4.400000,0.256462
3819,4.400000,0.256462
3820,4.400000,0.256462
3821,4.400000,0.234654
3822,4.400000,0.234654
3823,4.400000,0.234654
3824,4.400000,0.234654
3825,4.400000,0.234654
3826,4.400000,0.213341
3827,4.400000,0.213341
3828,4.400000,0.213341
3829,4.400000,0.213341
3830,4.400000,0.192717
3831,4.400000,0.192717
3832,4.400000,0.192717
3833,4.400000,0.192717
3834,4.400000,0.192717
3835,4.400000,0.192717
3837,4.400000,0.172869
3838,4.400000,0.172869
3839,4.400000,0.172869
3840,4.400000,0.172869
3841,4.400000,0.153766
3842,4.400000,0.153766
3843,4.400000,0.153766
3844,4.400000,0.153766
3845,4.400000,0.153766
3846,4.400000,0.135269
3847,4.400000,0.135269
3848,4.400000,0.135269
3849,4.400000,0.135269
3850,4.400000,0.117219
3851,4.400000,0.117219
3852,4.400000,0.117219
3853,4.400000,0.117219
3854,4.400000,0.117219
3855,4.400000,0.117219
3857,4.400000,0.099466
3858,4.400000,0.099466
3859,4.400000,0.099466
3860,4.400000,0.099466
3861,4.400000,0.081817
3862,4.400000,0.081817
3863,4.400000,0.081817
3864,4.400000,0.081817
3865,4.400000,0.081817
3866,4.400000,0.064103
3867,4.400000,0.064103
3868,4.400000,0.064103
3869,4.400000,0.064103
3870,4.400000,0.046178
3871,4.400000,0.046178
3872,4.400000,0.046178
3873,4.400000,0.046178
3874,4.400000,0.046178
3875,4.400000,0.046178
3877,4.400000,0.027969
3878,4.400000,0.027969
3879,4.400000,0.027969
3880,4.400000,0.027969
3881,4.400000,0.009434
3882,4.400000,0.009434
3883,4.400000,0.009434
3884,4.400000,0.009434
3885,4.400000,0.009434
3886,4.400000,-0.009420
3887,4.400000,-0.009420
3888,4.400000,-0.009420
3889,4.400000,-0.009420
3890,4.400000,-0.028548
3891,4.400000,-0.028548
3892,4.400000,-0.028548
3893,4.400000,-0.028548
3894,4.400000,-0.028548
3895,4.400000,-0.028548
3897,4.400000,-0.047885
3898,4.400000,-0.047885
3899,4.400000,-0.047885
3900,-4.400000,-0.047885
3901,-4.400000,-0.067346
3902,-4.400000,-0.067346
3903,-4.400000,-0.067346
3904,-4.400000,-0.067346
3905,-4.400000,-0.067346
3906,-4.400000,-0.086827
3907,-4.400000,-0.086827
3908,-4.400000,-0.086827
3909,-4.400000,-0.086827
3910,-4.400000,-0.106237
3911,-4.400000,-0.106237
3912,-4.400000,-0.106237
3913,-4.400000,-0.106237
3914,-4.400000,-0.106237
3915,-4.400000,-0.106237
3917,-4.400000,-0.125439
3918,-4.400000,-0.125439
3919,-4.400000,-0.125439
3920,-4.400000,-0.125439
3921,-4.400000,-0.143940
3922,-4.400000,-0.143940
3923,-4.400000,-0.143940
3924,-4.400000,-0.143940
3925,-4.400000,-0.143940
3926,-4.400000,-0.161296
3927,-4.400000,-0.161296
3928,-4.400000,-0.161296
3929,-4.400000,-0.161296
3930,-4.400000,-0.177418
3931,-4.400000,-0.177418
3932,-4.400000,-0.177418
3933,-4.400000,-0.177418
3934,-4.400000,-0.177418
3935,-4.400000,-0.177418
3937,-4.400000,-0.192372
3938,-4.400000,-0.192372
3939,-4.400000,-0.192372
3940,-4.400000,-0.192372
3941,-4.400000,-0.206195
3942,-4.400000,-0.206195
3943,-4.400000,-0.206195
3944,-4.400000,-0.206195
3945,-4.400000,-0.206195
3946,-4.400000,-0.218888
3947,-4.400000,-0.218888
3948,-4.400000,-0.218888
3949,-4.400000,-0.218888
3950,-4.400000,-0.230427
3951,-4.400000,-0.230427
3952,-4.400000,-0.230427
3953,-4.400000,-0.230427
3954,-4.400000,-0.230427
3955,-4.400000,-0.230427
3957,-4.400000,-0.240818
3958,-4.400000,-0.240818
3959,-4.400000,-0.240818
3960,-4.400000,-0.240818
3961,-4.400000,-0.250063
3962,-4.400000,-0.250063
3963,-4.400000,-0.250063
3964,-4.400000,-0.250063
3965,-4.400000,-0.250063
3966,-4.400000,-0.258180
3967,-4.400000,-0.258180
3968,-4.400000,-0.258180
3969,-4.400000,-0.258180
3970,-4.400000,-0.265170
3971,-4.400000,-0.265170
3972,-4.400000,-0.265170
3973,-4.400000,-0.265170
3974,-4.400000,-0.265170
3975,-4.400000,-0.265170
3977,-4.400000,-0.271040
3978,-4.400000,-0.271040
3979,-4.400000,-0.271040
3980,-4.400000,-0.271040
3981,-4.400000,-0.275787
3982,-4.400000,-0.275787
3983,-4.400000,-0.275787
3984,-4.400000,-0.275787
3985,-4.400000,-0.275787
3986,-4.400000,-0.279399
3987,-4.400000,-0.279399
3988,-4.400000,-0.279399
3989,-4.400000,-0.279399
3990,-4.400000,-0.281848
3991,-4.400000,-0.281848
3992,-4.400000,-0.281848
3993,-4.400000,-0.281848
3994,-4.400000,-0.281848
3995,-4.400000,-0.281848
3997,-4.400000,-0.283118
3998,-4.400000,-0.283118
3999,-4.400000,-0.283118
4000,-4.400000,-0.283118
4001,-4.400000,-0.283219
4002,-4.400000,-0.283219
4003,-4.400000,-0.283219
4004,-4.400000,-0.283219
4005,-4.400000,-0.283219
4006,-4.400000,-0.283219
4007,-4.400000,-0.282215
4008,-4.400000,-0.282215
4009,-4.400000,-0.282215
4010,-4.400000,-0.280176
4011,-4.400000,-0.280176
4012,-4.400000,-0.280176
4013,-4.400000,-0.280176
4014,-4.400000,-0.280176
4015,-4.400000,-0.280176
4017,-4.400000,-0.277151
4018,-4.400000,-0.277151
4019,-4.400000,-0.277151
4020,-4.400000,-0.277151
4021,-4.400000,-0.273155
4022,-4.400000,-0.273155
4023,-4.400000,-0.273155
4024,-4.400000,-0.273155
4025,-4.400000,-0.273155
4026,-4.400000,-0.268190
4027,-4.400000,-0.268190
4028,-4.400000,-0.268190
4029,-4.400000,-0.268190
4030,-4.400000,-0.268190
4031,-4.400000,-0.262286
4032,-4.400000,-0.262286
4033,-4.400000,-0.262286
4034,-4.400000,-0.262286
4035,-4.400000,-0.262286
4037,-4.400000,-0.255463
4038,-4.400000,-0.255463
4039,-4.400000,-0.255463
4040,-4.400000,-0.255463
4041,-4.400000,-0.247744
4042,-4.400000,-0.247744
4043,-4.400000,-0.247744
4044,-4.400000,-0.247744
4045,-4.400000,-0.247744
4046,-4.400000,-0.247744
4047,-4.400000,-0.239151
4048,-4.400000,-0.239151
4049,-4.400000,-0.239151
4050,-4.400000,-0.239151
4051,-4.400000,-0.229687
4052,-4.400000,-0.229687
4053,-4.400000,-0.229687
4054,-4.400000,-0.229687
4055,-4.400000,-0.229687
4057,-4.400000,-0.219365
4058,-4.400000,-0.219365
4059,-4.400000,-0.219365
4060,-4.400000,-0.219365
4061,-4.400000,-0.208184
4062,-4.400000,-0.208184
4063,-4.400000,-0.208184
4064,-4.400000,-0.208184
4065,-4.400000,-0.208184
4066,-4.400000,-0.196156
4067,-4.400000,-0.196156
4068,-4.400000,-0.196156
4069,-4.400000,-0.196156
4070,-4.400000,-0.196156
4071,-4.400000,-0.183275
4072,-4.400000,-0.183275
4073,-4.400000,-0.183275
4074,-4.400000,-0.183275
4075,-4.400000,-0.183275
4077,-4.400000,-0.169545
4078,-4.400000,-0.169545
4079,-4.400000,-0.169545
4080,-4.400000,-0.169545
4081,-4.400000,-0.154978
4082,-4.400000,-0.154978
4083,-4.400000,-0.154978
4084,-4.400000,-0.154978
4085,-4.400000,-0.154978
4086,-4.400000,-0.154978
4087,-4.400000,-0.139590
4088,-4.400000,-0.139590
4089,-4.400000,-0.139590
4090,-4.400000,-0.123374
4091,-4.400000,-0.123374
4092,-4.400000,-0.123374
4093,-4.400000,-0.123374
4094,-4.400000,-0.123374
4095,-4.400000,-0.123374
4097,-4.400000,-0.106332
4098,-4.400000,-0.106332
4099,-4.400000,-0.106332
4100,-4.400000,-0.106332
4101,-4.400000,-0.088466
4102,-4.400000,-0.088466
4103,-4.400000,-0.088466
4104,-4.400000,-0.088466
4105,-4.400000,-0.088466
4106,-4.400000,-0.088466
4107,-4.400000,-0.069765
4108,-4.400000,-0.069765
4109,-4.400000,-0.069765
4110,-4.400000,-0.069765
4111,-4.400000,-0.050235
4112,-4.400000,-0.050235
4113,-4.400000,-0.050235
4114,-4.400000,-0.050235
4115,-4.400000,-0.050235
4117,-4.400000,-0.029893
4118,-4.400000,-0.029893
4119,-4.400000,-0.029893
4120,-4.400000,-0.029893
4121,-4.400000,-0.008786
4122,-4.400000,-0.008786
4123,-4.400000,-0.008786
4124,-4.400000,-0.008786
4125,-4.400000,-0.008786
4126,-4.400000,-0.008786
4127,-4.400000,0.012845
4128,-4.400000,0.012845
4129,-4.400000,0.012845
4130,-4.400000,0.012845
4131,-4.400000,0.034646
4132,-4.400000,0.034646
4133,-4.400000,0.034646
4134,-4.400000,0.034646
4135,-4.400000,0.034646
4137,-4.400000,0.056163
4138,-4.400000,0.056163
4139,-4.400000,0.056163
4140,-4.400000,0.056163
4141,-4.400000,0.077100
4142,-4.400000,0.077100
4143,-4.400000,0.077100
4144,-4.400000,0.077100
4145,-4.400000,0.077100
4146,-4.400000,0.077100
4147,-4.400000,0.097284
4148,-4.400000,0.097284
4149,-4.400000,0.097284
4150,-4.400000,0.097284
4151,-4.400000,0.116678
4152,-4.400000,0.116678
4153,-4.400000,0.116678
4154,-4.400000,0.116678
4156,-4.400000,0.116678
4157,-4.400000,0.135313
4158,-4.400000,0.135313
4159,-4.400000,0.135313
4160,-4.400000,0.135313
4161,-4.400000,0.153291
4162,-4.400000,0.153291
4163,-4.400000,0.153291
4164,-4.400000,0.153291
4165,-4.400000,0.153291
4166,-4.400000,0.170777
4167,-4.400000,0.170777
4168,-4.400000,0.170777
4169,-4.400000,0.170777
4170,-4.400000,0.170777
4171,-4.400000,0.187957
4172,-4.400000,0.187957
4173,-4.400000,0.187957
4174,-4.400000,0.187957
4176,-4.400000,0.187957
4177,-4.400000,0.205027
4178,-4.400000,0.205027
4179,-4.400000,0.205027
4180,-4.400000,0.205027
4181,-4.400000,0.222164
4182,-4.400000,0.222164
4183,-4.400000,0.222164
4184,-4.400000,0.222164
4185,-4.400000,0.222164
4186,-4.400000,0.222164
4187,-4.400000,0.239519
4188,-4.400000,0.239519
4189,-4.400000,0.239519
4190,-4.400000,0.257193
4191,-4.400000,0.257193
4192,-4.400000,0.257193
4193,-4.400000,0.257193
4195,-4.400000,0.257193
4196,-4.400000,0.257193
4197,-4.400000,0.275219
4198,-4.400000,0.275219
4199,-4.400000,0.275219
4200,4.400000,0.275219
4201,4.400000,0.293573
4202,4.400000,0.293573
4203,4.400000,0.293573
4204,4.400000,0.293573
4205,4.400000,0.293573
4206,4.400000,0.312207
4207,4.400000,0.312207
4208,4.400000,0.312207
4209,4.400000,0.312207
4210,4.400000,0.331049
4211,4.400000,0.331049
4212,4.400000,0.331049
4213,4.400000,0.331049
4215,4.400000,0.331049
4216,4.400000,0.331049
4217,4.400000,0.349908
4218,4.400000,0.349908
4219,4.400000,0.349908
4220,4.400000,0.349908
4221,4.400000,0.368075
4222,4.400000,0.368075
4223,4.400000,0.368075
4224,4.400000,0.368075
4225,4.400000,0.368075
4226,4.400000,0.384927
4227,4.400000,0.384927
4228,4.400000,0.384927
4229,4.400000,0.384927
4230,4.400000,0.400342
4231,4.400000,0.400342
4232,4.400000,0.400342
4234,4.400000,0.400342
4235,4.400000,0.400342
4236,4.400000,0.400342
4237,4.400000,0.414389
4238,4.400000,0.414389
4239,4.400000,0.414389
4240,4.400000,0.414389
4241,4.400000,0.414389
4242,4.400000,0.427199
4243,4.400000,0.427199
4244,4.400000,0.427199
4245,4.400000,0.427199
4246,4.400000,0.438804
4247,4.400000,0.438804
4248,4.400000,0.438804
4249,4.400000,0.438804
4250,4.400000,0.438804
4251,4.400000,0.449223
4252,4.400000,0.449223
4254,4.400000,0.449223
4255,4.400000,0.449223
4256,4.400000,0.449223
4257,4.400000,0.458424
4258,4.400000,0.458424
4259,4.400000,0.458424
4260,4.400000,0.458424
4261,4.400000,0.466388
4262,4.400000,0.466388
4263,4.400000,0.466388
4264,4.400000,0.466388
4265,4.400000,0.466388
4266,4.400000,0.473125
4267,4.400000,0.473125
4268,4.400000,0.473125
4269,4.400000,0.473125
4270,4.400000,0.473125
4271,4.400000,0.478631
4273,4.400000,0.478631
4274,4.400000,0.478631
4275,4.400000,0.478631
4276,4.400000,0.478631
4277,4.400000,0.482918
4278,4.400000,0.482918
4279,4.400000,0.482918
4280,4.400000,0.482918
4281,4.400000,0.482918
4282,4.400000,0.485998
4283,4.400000,0.485998
4284,4.400000,0.485998
4285,4.400000,0.485998
4286,4.400000,0.487893
4287,4.400000,0.487893
4288,4.400000,0.487893
4289,4.400000,0.487893
4290,4.400000,0.487893
4291,4.400000,0.488619
4293,4.400000,0.488619
4294,4.400000,0.488619
4295,4.400000,0.488619
4296,4.400000,0.488619
4297,4.400000,0.488214
4298,4.400000,0.488214
4299,4.400000,0.488214
4300,4.400000,0.488214
4301,4.400000,0.486782
4302,4.400000,0.486782
4303,4.400000,0.486782
4304,4.400000,0.486782
4305,4.400000,0.486782
4306,4.400000,0.484423
4307,4.400000,0.484423
4308,4.400000,0.484423
4309,4.400000,0.484423
4310,4.400000,0.484423
4312,4.400000,0.481144
4313,4.400000,0.481144
4314,4.400000,0.481144
4315,4.400000,0.481144
4316,4.400000,0.481144
4317,4.400000,0.476902
4318,4.400000,0.476902
4319,4.400000,0.476902
4320,4.400000,0.476902
4321,4.400000,0.471698
4322,4.400000,0.471698
4323,4.400000,0.471698
4324,4.400000,0.471698
4325,4.400000,0.471698
4326,4.400000,0.465539
4327,4.400000,0.465539
4328,4.400000,0.465539
4329,4.400000,0.465539
4330,4.400000,0.465539
4332,4.400000,0.458444
4333,4.400000,0.458444
4334,4.400000,0.458444
4335,4.400000,0.458444
4336,4.400000,0.458444
4337,4.400000,0.450438
4338,4.400000,0.450438
4339,4.400000,0.450438
4340,4.400000,0.450438
4341,4.400000,0.441539
4342,4.400000,0.441539
4343,4.400000,0.441539
4344,4.400000,0.441539
4345,4.400000,0.441539
4346,4.400000,0.431766
4347,4.400000,0.431766
4348,4.400000,0.431766
4349,4.400000,0.431766
4350,4.400000,0.431766
4352,4.400000,0.421118
4353,4.400000,0.421118
4354,4.400000,0.421118
4355,4.400000,0.421118
4356,4.400000,0.421118
4357,4.400000,0.409586
4358,4.400000,0.409586
4359,4.400000,0.409586
4360,4.400000,0.409586
4361,4.400000,0.397139
4362,4.400000,0.397139
4363,4.400000,0.397139
4364,4.400000,0.397139
4365,4.400000,0.397139
4366,4.400000,0.383767
4367,4.400000,0.383767
4368,4.400000,0.383767
4369,4.400000,0.383767
4370,4.400000,0.369472
4372,4.400000,0.369472
4373,4.400000,0.369472
4374,4.400000,0.369472
4375,4.400000,0.369472
4376,4.400000,0.369472
4377,4.400000,0.354271
4378,4.400000,0.354271
4379,4.400000,0.354271
4380,4.400000,0.354271
4381,4.400000,0.338158
4382,4.400000,0.338158
4383,4.400000,0.338158
4384,4.400000,0.338158
4385,4.400000,0.338158
4386,4.400000,0.321141
4387,4.400000,0.321141
4388,4.400000,0.321141
4389,4.400000,0.321141
4390,4.400000,0.303225
4392,4.400000,0.303225
4393,4.400000,0.303225
4394,4.400000,0.303225
4395,4.400000,0.303225
4396,4.400000,0.303225
4397,4.400000,0.284410
4398,4.400000,0.284410
4399,4.400000,0.284410
4400,4.400000,0.284410
4401,4.400000,0.264681
4402,4.400000,0.264681
4403,4.400000,0.264681
4404,4.400000,0.264681
4405,4.400000,0.264681
4406,4.400000,0.244044
4407,4.400000,0.244044
4408,4.400000,0.244044
4409,4.400000,0.244044
4410,4.400000,0.244044
4412,4.400000,0.222582
4413,4.400000,0.222582
4414,4.400000,0.222582
4415,4.400000,0.222582
4416,4.400000,0.222582
4417,4.400000,0.200527
4418,4.400000,0.200527
4419,4.400000,0.200527
4420,4.400000,0.200527
4421,4.400000,0.178322
4422,4.400000,0.178322
4423,4.400000,0.178322
4424,4.400000,0.178322
4425,4.400000,0.178322
4426,4.400000,0.156458
4427,4.400000,0.156458
4428,4.400000,0.156458
4429,4.400000,0.156458
4430,4.400000,0.135177
4432,4.400000,0.135177
4433,4.400000,0.135177
4434,4.400000,0.135177
4435,4.400000,0.135177
4436,4.400000,0.135177
4437,4.400000,0.114664
4438,4.400000,0.114664
4439,4.400000,0.114664
4440,4.400000,0.114664
4441,4.400000,0.094967
4442,4.400000,0.094967
4443,4.400000,0.094967
4444,4.400000,0.094967
4445,4.400000,0.094967
4446,4.400000,0.076020
4447,4.400000,0.076020
4448,4.400000,0.076020
4449,4.400000,0.076020
4450,4.400000,0.057685
4452,4.400000,0.057685
4453,4.400000,0.057685
4454,4.400000,0.057685
4455,4.400000,0.057685
4456,4.400000,0.057685
4457,4.400000,0.039816
4458,4.400000,0.039816
4459,4.400000,0.039816
4460,4.400000,0.039816
4461,4.400000,0.022238
4462,4.400000,0.022238
4463,4.400000,0.022238
4464,4.400000,0.022238
4465,4.400000,0.022238
4466,4.400000,0.004736
4467,4.400000,0.004736
4468,4.400000,0.004736
4469,4.400000,0.004736
4470,4.400000,-0.012893
4472,4.400000,-0.012893
4473,4.400000,-0.012893
4474,4.400000,-0.012893
4475,4.400000,-0.012893
4476,4.400000,-0.012893
4477,4.400000,-0.030779
4478,4.400000,-0.030779
4479,4.400000,-0.030779
4480,4.400000,-0.030779
4481,4.400000,-0.048998
4482,4.400000,-0.048998
4483,4.400000,-0.048998
4484,4.400000,-0.048998
4485,4.400000,-0.048998
4486,4.400000,-0.067585
4487,4.400000,-0.067585
4488,4.400000,-0.067585
4489,4.400000,-0.067585
4490,4.400000,-0.067585
4492,4.400000,-0.086521
4493,4.400000,-0.086521
4494,4.400000,-0.086521
4495,4.400000,-0.086521
4496,4.400000,-0.086521
4497,4.400000,-0.105738
4498,4.400000,-0.105738
4499,4.400000,-0.105738
4500,-4.400000,-0.105738
4501,-4.400000,-0.125148
4502,-4.400000,-0.125148
4503,-4.400000,-0.125148
4504,-4.400000,-0.125148
4505,-4.400000,-0.125148
4506,-4.400000,-0.144644
4507,-4.400000,-0.144644
4508,-4.400000,-0.144644
4509,-4.400000,-0.144644
4510,-4.400000,-0.144644
4512,-4.400000,-0.164135
4513,-4.400000,-0.164135
4514,-4.400000,-0.164135
4515,-4.400000,-0.164135
4516,-4.400000,-0.164135
4517,-4.400000,-0.183451
4518,-4.400000,-0.183451
4519,-4.400000,-0.183451
4520,-4.400000,-0.183451
4521,-4.400000,-0.202023
4522,-4.400000,-0.202023
4523,-4.400000,-0.202023
4524,-4.400000,-0.202023
4525,-4.400000,-0.202023
4526,-4.400000,-0.219358
4527,-4.400000,-0.219358
4528,-4.400000,-0.219358
4529,-4.400000,-0.219358
4530,-4.400000,-0.219358
4532,-4.400000,-0.235400
4533,-4.400000,-0.235400
4534,-4.400000,-0.235400
4535,-4.400000,-0.235400
4536,-4.400000,-0.235400
4537,-4.400000,-0.250274
4538,-4.400000,-0.250274
4539,-4.400000,-0.250274
4540,-4.400000,-0.250274
4541,-4.400000,-0.264028
4542,-4.400000,-0.264028
4543,-4.400000,-0.264028
4544,-4.400000,-0.264028
4545,-4.400000,-0.264028
4546,-4.400000,-0.264028
4547,-4.400000,-0.276643
4548,-4.400000,-0.276643
4549,-4.400000,-0.276643
4550,-4.400000,-0.276643
4552,-4.400000,-0.288105
4553,-4.400000,-0.288105
4554,-4.400000,-0.288105
4555,-4.400000,-0.288105
4556,-4.400000,-0.288105
4557,-4.400000,-0.298407
4558,-4.400000,-0.298407
4559,-4.400000,-0.298407
4560,-4.400000,-0.298407
4561,-4.400000,-0.307542
4562,-4.400000,-0.307542
4563,-4.400000,-0.307542
4564,-4.400000,-0.307542
4565,-4.400000,-0.307542
4566,-4.400000,-0.315525
4567,-4.400000,-0.315525
4568,-4.400000,-0.315525
4569,-4.400000,-0.315525
4570,-4.400000,-0.315525
4572,-4.400000,-0.322369
4573,-4.400000,-0.322369
4574,-4.400000,-0.322369
4575,-4.400000,-0.322369
4576,-4.400000,-0.322369
4577,-4.400000,-0.328092
4578,-4.400000,-0.328092
4579,-4.400000,-0.328092
4580,-4.400000,-0.328092
4581,-4.400000,-0.332699
4582,-4.400000,-0.332699
4583,-4.400000,-0.332699
4584,-4.400000,-0.332699
4585,-4.400000,-0.332699
4586,-4.400000,-0.332699
4587,-4.400000,-0.336201
4588,-4.400000,-0.336201
4589,-4.400000,-0.336201
4590,-4.400000,-0.336201
4592,-4.400000,-0.338594
4593,-4.400000,-0.338594
4594,-4.400000,-0.338594
4595,-4.400000,-0.338594
4596,-4.400000,-0.338594
4597,-4.400000,-0.339864
4598,-4.400000,-0.339864
4599,-4.400000,-0.339864
4600,-4.400000,-0.339864
4601,-4.400000,-0.340006
4602,-4.400000,-0.340006
4603,-4.400000,-0.340006
4604,-4.400000,-0.340006
4605,-4.400000,-0.340006
4606,-4.400000,-0.339070
4607,-4.400000,-0.339070
4608,-4.400000,-0.339070
4609,-4.400000,-0.339070
4610,-4.400000,-0.337114
4612,-4.400000,-0.337114
4613,-4.400000,-0.337114
4614,-4.400000,-0.337114
4615,-4.400000,-0.337114
4616,-4.400000,-0.337114
4617,-4.400000,-0.334166
4618,-4.400000,-0.334166
4619,-4.400000,-0.334166
4620,-4.400000,-0.334166
4621,-4.400000,-0.330244
4622,-4.400000,-0.330244
4623,-4.400000,-0.330244
4624,-4.400000,-0.330244
4625,-4.400000,-0.330244
4626,-4.400000,-0.325352
4627,-4.400000,-0.325352
4628,-4.400000,-0.325352
4629,-4.400000,-0.325352
4630,-4.400000,-0.319498
4632,-4.400000,-0.319498
4633,-4.400000,-0.319498
4634,-4.400000,-0.319498
4635,-4.400000,-0.319498
4636,-4.400000,-0.319498
4637,-4.400000,-0.312698
4638,-4.400000,-0.312698
4639,-4.400000,-0.312698
4640,-4.400000,-0.312698
4641,-4.400000,-0.304969
4642,-4.400000,-0.304969
4643,-4.400000,-0.304969
4644,-4.400000,-0.304969
4645,-4.400000,-0.304969
4646,-4.400000,-0.296317
4647,-4.400000,-0.296317
4648,-4.400000,-0.296317
4649,-4.400000,-0.296317
4650,-4.400000,-0.286759
4652,-4.400000,-0.286759
4653,-4.400000,-0.286759
4654,-4.400000,-0.286759
4655,-4.400000,-0.286759
4656,-4.400000,-0.286759
4657,-4.400000,-0.276358
4658,-4.400000,-0.276358
4659,-4.400000,-0.276358
4660,-4.400000,-0.276358
4661,-4.400000,-0.265115
4662,-4.400000,-0.265115
4663,-4.400000,-0.265115
4664,-4.400000,-0.265115
4665,-4.400000,-0.265115
4666,-4.400000,-0.265115
4667,-4.400000,-0.252945
4668,-4.400000,-0.252945
4669,-4.400000,-0.252945
4670,-4.400000,-0.239965
4672,-4.400000,-0.239965
4673,-4.400000,-0.239965
4674,-4.400000,-0.239965
4675,-4.400000,-0.239965
4676,-4.400000,-0.239965
4677,-4.400000,-0.226139
4678,-4.400000,-0.226139
4679,-4.400000,-0.226139
4680,-4.400000,-0.226139
4681,-4.400000,-0.211469
4682,-4.400000,-0.211469
4683,-4.400000,-0.211469
4684,-4.400000,-0.211469
4685,-4.400000,-0.211469
4686,-4.400000,-0.211469
4687,-4.400000,-0.195956
4688,-4.400000,-0.195956
4689,-4.400000,-0.195956
4690,-4.400000,-0.195956
4692,-4.400000,-0.179597
4693,-4.400000,-0.179597
4694,-4.400000,-0.179597
4695,-4.400000,-0.179597
4696,-4.400000,-0.179597
4697,-4.400000,-0.162330
4698,-4.400000,-0.162330
4699,-4.400000,-0.162330
4700,-4.400000,-0.162330
4701,-4.400000,-0.144293
4702,-4.400000,-0.144293
4703,-4.400000,-0.144293
4704,-4.400000,-0.144293
4705,-4.400000,-0.144293
4706,-4.400000,-0.144293
4707,-4.400000,-0.125446
4708,-4.400000,-0.125446
4709,-4.400000,-0.125446
4710,-4.400000,-0.125446
4712,-4.400000,-0.105794
4713,-4.400000,-0.105794
4714,-4.400000,-0.105794
4715,-4.400000,-0.105794
4716,-4.400000,-0.105794
4717,-4.400000,-0.085340
4718,-4.400000,-0.085340
4719,-4.400000,-0.085340
4720,-4.400000,-0.085340
4721,-4.400000,-0.064136
4722,-4.400000,-0.064136
4723,-4.400000,-0.064136
4724,-4.400000,-0.064136
4725,-4.400000,-0.064136
4726,-4.400000,-0.064136
4727,-4.400000,-0.042399
4728,-4.400000,-0.042399
4729,-4.400000,-0.042399
4730,-4.400000,-0.042399
4732,-4.400000,-0.020481
4733,-4.400000,-0.020481
4734,-4.400000,-0.020481
4735,-4.400000,-0.020481
4736,-4.400000,-0.020481
4737,-4.400000,0.001170
4738,-4.400000,0.001170
4739,-4.400000,0.001170
4740,-4.400000,0.001170
4741,-4.400000,0.022260
4742,-4.400000,0.022260
4743,-4.400000,0.022260
4744,-4.400000,0.022260
4745,-4.400000,0.022260
4746,-4.400000,0.022260
4747,-4.400000,0.042608
4748,-4.400000,0.042608
4749,-4.400000,0.042608
4750,-4.400000,0.042608
4752,-4.400000,0.062165
4753,-4.400000,0.062165
4754,-4.400000,0.062165
4755,-4.400000,0.062165
4756,-4.400000,0.062165
4757,-4.400000,0.080949
4758,-4.400000,0.080949
4759,-4.400000,0.080949
4760,-4.400000,0.080949
4761,-4.400000,0.099067
4762,-4.400000,0.099067
4763,-4.400000,0.099067
4764,-4.400000,0.099067
4765,-4.400000,0.099067
4766,-4.400000,0.099067
4767,-4.400000,0.116687
4768,-4.400000,0.116687
4769,-4.400000,0.116687
4770,-4.400000,0.116687
4772,-4.400000,0.133982
4773,-4.400000,0.133982
4774,-4.400000,0.133982
4775,-4.400000,0.133982
4776,-4.400000,0.133982
4777,-4.400000,0.151133
4778,-4.400000,0.151133
4779,-4.400000,0.151133
4780,-4.400000,0.151133
4781,-4.400000,0.168298
4782,-4.400000,0.168298
4783,-4.400000,0.168298
4784,-4.400000,0.168298
4785,-4.400000,0.168298
4786,-4.400000,0.168298
4787,-4.400000,0.185637
4788,-4.400000,0.185637
4789,-4.400000,0.185637
4790,-4.400000,0.185637
4792,-4.400000,0.203261
4793,-4.400000,0.203261
4794,-4.400000,0.203261
4795,-4.400000,0.203261
4796,-4.400000,0.203261
4797,-4.400000,0.221239
4798,-4.400000,0.221239
4799,-4.400000,0.221239
4800,4.400000,0.221239
4801,4.400000,0.239580
4802,4.400000,0.239580
4803,4.400000,0.239580
4804,4.400000,0.239580
4805,4.400000,0.239580
4806,4.400000,0.239580
4807,4.400000,0.258240
4808,4.400000,0.258240
4809,4.400000,0.258240
4811,4.400000,0.258240
4812,4.400000,0.277140
4813,4.400000,0.277140
4814,4.400000,0.277140
4815,4.400000,0.277140
4816,4.400000,0.277140
4817,4.400000,0.296111
4818,4.400000,0.296111
4819,4.400000,0.296111
4820,4.400000,0.296111
4821,4.400000,0.314523
4822,4.400000,0.314523
4823,4.400000,0.314523
4824,4.400000,0.314523
4825,4.400000,0.314523
4826,4.400000,0.314523
4827,4.400000,0.331716
4828,4.400000,0.331716
4829,4.400000,0.331716
4831,4.400000,0.347550
4832,4.400000,0.347550
4833,4.400000,0.347550
4834,4.400000,0.347550
4835,4.400000,0.347550
4836,4.400000,0.347550
4837,4.400000,0.361977
4838,4.400000,0.361977
4839,4.400000,0.361977
4840,4.400000,0.361977
4841,4.400000,0.375189
4842,4.400000,0.375189
4843,4.400000,0.375189
4844,4.400000,0.375189
4845,4.400000,0.375189
4846,4.400000,0.375189
4847,4.400000,0.387179
4848,4.400000,0.387179
4849,4.400000,0.387179
4851,4.400000,0.387179
4852,4.400000,0.397871
4853,4.400000,0.397871
4854,4.400000,0.397871
4855,4.400000,0.397871
4856,4.400000,0.397871
4857,4.400000,0.407417
4858,4.400000,0.407417
4859,4.400000,0.407417
4860,4.400000,0.407417
4861,4.400000,0.415693
4862,4.400000,0.415693
4863,4.400000,0.415693
4864,4.400000,0.415693
4865,4.400000,0.415693
4866,4.400000,0.415693
4867,4.400000,0.422822
4868,4.400000,0.422822
4869,4.400000,0.422822
4871,4.400000,0.422822
4872,4.400000,0.428833
4873,4.400000,0.428833
4874,4.400000,0.428833
4875,4.400000,0.428833
4876,4.400000,0.428833
4877,4.400000,0.433750
4878,4.400000,0.433750
4879,4.400000,0.433750
4880,4.400000,0.433750
4881,4.400000,0.437580
4882,4.400000,0.437580
4883,4.400000,0.437580
4884,4.400000,0.437580
4885,4.400000,0.437580
4886,4.400000,0.437580
4887,4.400000,0.440333
4888,4.400000,0.440333
4889,4.400000,0.440333
4891,4.400000,0.440333
4892,4.400000,0.442002
4893,4.400000,0.442002
4894,4.400000,0.442002
4895,4.400000,0.442002
4896,4.400000,0.442002
4897,4.400000,0.442592
4898,4.400000,0.442592
4899,4.400000,0.442592
4900,4.400000,0.442592
4901,4.400000,0.442125
4902,4.400000,0.442125
4903,4.400000,0.442125
4904,4.400000,0.442125
4905,4.400000,0.442125
4906,4.400000,0.442125
4907,4.400000,0.440666
4908,4.400000,0.440666
4909,4.400000,0.440666
4911,4.400000,0.440666
4912,4.400000,0.438251
4913,4.400000,0.438251
4914,4.400000,0.438251
4915,4.400000,0.438251
4916,4.400000,0.438251
4917,4.400000,0.434877
4918,4.400000,0.434877
4919,4.400000,0.434877
4920,4.400000,0.434877
4921,4.400000,0.430548
4922,4.400000,0.430548
4923,4.400000,0.430548
4924,4.400000,0.430548
4925,4.400000,0.430548
4926,4.400000,0.430548
4927,4.400000,0.425254
4928,4.400000,0.425254
4929,4.400000,0.425254
4931,4.400000,0.425254
4932,4.400000,0.419019
4933,4.400000,0.419019
4934,4.400000,0.419019
4935,4.400000,0.419019
4936,4.400000,0.419019
4937,4.400000,0.411853
4938,4.400000,0.411853
4939,4.400000,0.411853
4940,4.400000,0.411853
4941,4.400000,0.403745
4942,4.400000,0.403745
4943,4.400000,0.403745
4944,4.400000,0.403745
4945,4.400000,0.403745
4946,4.400000,0.403745
4947,4.400000,0.394701
4948,4.400000,0.394701
4949,4.400000,0.394701
4951,4.400000,0.394701
4952,4.400000,0.384713
4953,4.400000,0.384713
4954,4.400000,0.384713
4955,4.400000,0.384713
4956,4.400000,0.384713
4957,4.400000,0.373780
4958,4.400000,0.373780
4959,4.400000,0.373780
4960,4.400000,0.373780
4961,4.400000,0.361896
4962,4.400000,0.361896
4963,4.400000,0.361896
4964,4.400000,0.361896
4965,4.400000,0.361896
4966,4.400000,0.361896
4967,4.400000,0.349082
4968,4.400000,0.349082
4969,4.400000,0.349082
4971,4.400000,0.349082
4972,4.400000,0.335348
4973,4.400000,0.335348
4974,4.400000,0.335348
4975,4.400000,0.335348
4976,4.400000,0.335348
4977,4.400000,0.320712
4978,4.400000,0.320712
4979,4.400000,0.320712
4980,4.400000,0.320712
4981,4.400000,0.305176
4982,4.400000,0.305176
4983,4.400000,0.305176
4984,4.400000,0.305176
4985,4.400000,0.305176
4986,4.400000,0.305176
4987,4.400000,0.288742
4988,4.400000,0.288742
4989,4.400000,0.288742
4991,4.400000,0.288742
4992,4.400000,0.271394
4993,4.400000,0.271394
4994,4.400000,0.271394
4995,4.400000,0.271394
4996,4.400000,0.271394
4997,4.400000,0.253135
4998,4.400000,0.253135
4999,4.400000,0.253135
5000,4.400000,0.253135
5001,4.400000,0.233964
5002,4.400000,0.233964
5003,4.400000,0.233964
5004,4.400000,0.233964
5005,4.400000,0.233964
5006,4.400000,0.233964
5007,4.400000,0.213905
5008,4.400000,0.213905
5009,4.400000,0.213905
5011,4.400000,0.213905
5012,4.400000,0.192971
5013,4.400000,0.192971
5014,4.400000,0.192971
5015,4.400000,0.192971
5016,4.400000,0.192971
5017,4.400000,0.171265
5018,4.400000,0.171265
5019,4.400000,0.171265
5020,4.400000,0.171265
5021,4.400000,0.149131
5022,4.400000,0.149131
5023,4.400000,0.149131
5024,4.400000,0.149131
5025,4.400000,0.149131
5026,4.400000,0.149131
5027,4.400000,0.127078
5028,4.400000,0.127078
5029,4.400000,0.127078
5031,4.400000,0.127078
5032,4.400000,0.105465
5033,4.400000,0.105465
5034,4.400000,0.105465
5035,4.400000,0.105465
5036,4.400000,0.105465
5037,4.400000,0.084563
5038,4.400000,0.084563
5039,4.400000,0.084563
5040,4.400000,0.084563
5041,4.400000,0.064474
5042,4.400000,0.064474
5043,4.400000,0.064474
5044,4.400000,0.064474
5045,4.400000,0.064474
5046,4.400000,0.064474
5047,4.400000,0.045190
5048,4.400000,0.045190
5049,4.400000,0.045190
5051,4.400000,0.045190
5052,4.400000,0.026595
5053,4.400000,0.026595
5054,4.400000,0.026595
5055,4.400000,0.026595
5056,4.400000,0.026595
5057,4.400000,0.008526
5058,4.400000,0.008526
5059,4.400000,0.008526
5060,4.400000,0.008526
5061,4.400000,-0.009209
5062,4.400000,-0.009209
5063,4.400000,-0.009209
5064,4.400000,-0.009209
5065,4.400000,-0.009209
5066,4.400000,-0.009209
5067,4.400000,-0.026813
5068,4.400000,-0.026813
5069,4.400000,-0.026813
5071,4.400000,-0.026813
5072,4.400000,-0.044471
5073,4.400000,-0.044471
5074,4.400000,-0.044471
5075,4.400000,-0.044471
5076,4.400000,-0.044471
5077,4.400000,-0.062317
5078,4.400000,-0.062317
5079,4.400000,-0.062317
5080,4.400000,-0.062317
5081,4.400000,-0.080471
5082,4.400000,-0.080471
5083,4.400000,-0.080471
5084,4.400000,-0.080471
5085,4.400000,-0.080471
5086,4.400000,-0.080471
5087,4.400000,-0.098988
5088,4.400000,-0.098988
5089,4.400000,-0.098988
5091,4.400000,-0.098988
5092,4.400000,-0.117842
5093,4.400000,-0.117842
5094,4.400000,-0.117842
5095,4.400000,-0.117842
5096,4.400000,-0.117842
5097,4.400000,-0.136989
5098,4.400000,-0.136989
5099,4.400000,-0.136989
5100,-4.400000,-0.136989
5101,-4.400000,-0.156352
5102,-4.400000,-0.156352
5103,-4.400000,-0.156352
5104,-4.400000,-0.156352
5105,-4.400000,-0.156352
5106,-4.400000,-0.156352
5107,-4.400000,-0.175842
5108,-4.400000,-0.175842
5109,-4.400000,-0.175842
5111,-4.400000,-0.175842
5112,-4.400000,-0.195376
5113,-4.400000,-0.195376
5114,-4.400000,-0.195376
5115,-4.400000,-0.195376
5116,-4.400000,-0.195376
5117,-4.400000,-0.214756
5118,-4.400000,-0.214756
5119,-4.400000,-0.214756
5120,-4.400000,-0.214756
5121,-4.400000,-0.233350
5122,-4.400000,-0.233350
5123,-4.400000,-0.233350
5124,-4.400000,-0.233350
5125,-4.400000,-0.233350
5126,-4.400000,-0.233350
5127,-4.400000,-0.250713
5128,-4.400000,-0.250713
5129,-4.400000,-0.250713
5131,-4.400000,-0.250713
5132,-4.400000,-0.266768
5133,-4.400000,-0.266768
5134,-4.400000,-0.266768
5135,-4.400000,-0.266768
5136,-4.400000,-0.266768
5137,-4.400000,-0.281589
5138,-4.400000,-0.281589
5139,-4.400000,-0.281589
5140,-4.400000,-0.281589
5141,-4.400000,-0.295225
5142,-4.400000,-0.295225
5143,-4.400000,-0.295225
5144,-4.400000,-0.295225
5145,-4.400000,-0.295225
5146,-4.400000,-0.295225
5147,-4.400000,-0.307688
5148,-4.400000,-0.307688
5150,-4.400000,-0.307688
5151,-4.400000,-0.307688
5152,-4.400000,-0.318952
5153,-4.400000,-0.318952
5154,-4.400000,-0.318952
5155,-4.400000,-0.318952
5156,-4.400000,-0.318952
5157,-4.400000,-0.329015
5158,-4.400000,-0.329015
5159,-4.400000,-0.329015
5160,-4.400000,-0.329015
5161,-4.400000,-0.337882
5162,-4.400000,-0.337882
5163,-4.400000,-0.337882
5164,-4.400000,-0.337882
5165,-4.400000,-0.337882
5166,-4.400000,-0.337882
5167,-4.400000,-0.345581
5168,-4.400000,-0.345581
5170,-4.400000,-0.345581
5171,-4.400000,-0.345581
5172,-4.400000,-0.352129
5173,-4.400000,-0.352129
5174,-4.400000,-0.352129
5175,-4.400000,-0.352129
5176,-4.400000,-0.352129
5177,-4.400000,-0.357552
5178,-4.400000,-0.357552
5179,-4.400000,-0.357552
5180,-4.400000,-0.357552
5181,-4.400000,-0.361850
5182,-4.400000,-0.361850
5183,-4.400000,-0.361850
5184,-4.400000,-0.361850
5185,-4.400000,-0.361850
5186,-4.400000,-0.361850
5187,-4.400000,-0.365001
5188,-4.400000,-0.365001
5190,-4.400000,-0.365001
5191,-4.400000,-0.365001
5192,-4.400000,-0.366994
5193,-4.400000,-0.366994
5194,-4.400000,-0.366994
5195,-4.400000,-0.366994
5196,-4.400000,-0.366994
5197,-4.400000,-0.367823
5198,-4.400000,-0.367823
5199,-4.400000,-0.367823
5200,-4.400000,-0.367823
5201,-4.400000,-0.367529
5202,-4.400000,-0.367529
5203,-4.400000,-0.367529
5204,-4.400000,-0.367529
5205,-4.400000,-0.367529
5206,-4.400000,-0.367529
5207,-4.400000,-0.366214
5208,-4.400000,-0.366214
5210,-4.400000,-0.366214
5211,-4.400000,-0.366214
5212,-4.400000,-0.363939
5213,-4.400000,-0.363939
5214,-4.400000,-0.363939
5215,-4.400000,-0.363939
5216,-4.400000,-0.363939
5217,-4.400000,-0.360711
5218,-4.400000,-0.360711
5219,-4.400000,-0.360711
5220,-4.400000,-0.360711
5221,-4.400000,-0.356521
5222,-4.400000,-0.356521
5223,-4.400000,-0.356521
5224,-4.400000,-0.356521
5225,-4.400000,-0.356521
5226,-4.400000,-0.356521
5227,-4.400000,-0.351377
5228,-4.400000,-0.351377
5230,-4.400000,-0.351377
5231,-4.400000,-0.351377
5232,-4.400000,-0.345309
5233,-4.400000,-0.345309
5234,-4.400000,-0.345309
5235,-4.400000,-0.345309
5236,-4.400000,-0.345309
5237,-4.400000,-0.338329
5238,-4.400000,-0.338329
5239,-4.400000,-0.338329
5240,-4.400000,-0.338329
5241,-4.400000,-0.330443
5242,-4.400000,-0.330443
5243,-4.400000,-0.330443
5244,-4.400000,-0.330443
5245,-4.400000,-0.330443
5246,-4.400000,-0.330443
5247,-4.400000,-0.321661
5248,-4.400000,-0.321661
5250,-4.400000,-0.321661
5251,-4.400000,-0.321661
5252,-4.400000,-0.311975
5253,-4.400000,-0.311975
5254,-4.400000,-0.311975
5255,-4.400000,-0.311975
5256,-4.400000,-0.311975
5257,-4.400000,-0.301387
5258,-4.400000,-0.301387
5259,-4.400000,-0.301387
5260,-4.400000,-0.301387
5261,-4.400000,-0.289907
5262,-4.400000,-0.289907
5263,-4.400000,-0.289907
5264,-4.400000,-0.289907
5265,-4.400000,-0.289907
5266,-4.400000,-0.289907
5267,-4.400000,-0.277547
5268,-4.400000,-0.277547
5270,-4.400000,-0.277547
5271,-4.400000,-0.277547
5272,-4.400000,-0.264317
5273,-4.400000,-0.264317
5274,-4.400000,-0.264317
5275,-4.400000,-0.264317
5276,-4.400000,-0.264317
5277,-4.400000,-0.250244
5278,-4.400000,-0.250244
5279,-4.400000,-0.250244
5280,-4.400000,-0.250244
5281,-4.400000,-0.235344
5282,-4.400000,-0.235344
5283,-4.400000,-0.235344
5284,-4.400000,-0.235344
5285,-4.400000,-0.235344
5286,-4.400000,-0.235344
5287,-4.400000,-0.219638
5288,-4.400000,-0.219638
5290,-4.400000,-0.219638
5291,-4.400000,-0.219638
5292,-4.400000,-0.203122
5293,-4.400000,-0.203122
5294,-4.400000,-0.203122
5295,-4.400000,-0.203122
5296,-4.400000,-0.203122
5297,-4.400000,-0.185802
5298,-4.400000,-0.185802
5299,-4.400000,-0.185802
5300,-4.400000,-0.185802
5301,-4.400000,-0.167693
5302,-4.400000,-0.167693
5303,-4.400000,-0.167693
5304,-4.400000,-0.167693
5305,-4.400000,-0.167693
5306,-4.400000,-0.167693
5307,-4.400000,-0.148824
5308,-4.400000,-0.148824
5310,-4.400000,-0.148824
5311,-4.400000,-0.148824
5312,-4.400000,-0.129210
5313,-4.400000,-0.129210
5314,-4.400000,-0.129210
5315,-4.400000,-0.129210
5316,-4.400000,-0.129210
5317,-4.400000,-0.108856
5318,-4.400000,-0.108856
5319,-4.400000,-0.108856
5320,-4.400000,-0.108856
5321,-4.400000,-0.087874
5322,-4.400000,-0.087874
5323,-4.400000,-0.087874
5324,-4.400000,-0.087874
5325,-4.400000,-0.087874
5326,-4.400000,-0.087874
5327,-4.400000,-0.066543
5328,-4.400000,-0.066543
5330,-4.400000,-0.066543
5331,-4.400000,-0.066543
5332,-4.400000,-0.045247
5333,-4.400000,-0.045247
5334,-4.400000,-0.045247
5335,-4.400000,-0.045247
5336,-4.400000,-0.045247
5337,-4.400000,-0.024372
5338,-4.400000,-0.024372
5339,-4.400000,-0.024372
5340,-4.400000,-0.024372
5341,-4.400000,-0.004109
5342,-4.400000,-0.004109
5343,-4.400000,-0.004109
5344,-4.400000,-0.004109
5345,-4.400000,-0.004109
5346,-4.400000,-0.004109
5347,-4.400000,0.015433
5348,-4.400000,0.015433
5350,-4.400000,0.015433
5351,-4.400000,0.015433
5352,-4.400000,0.034264
5353,-4.400000,0.034264
5354,-4.400000,0.034264
5355,-4.400000,0.034264
5356,-4.400000,0.034264
5357,-4.400000,0.052469
5358,-4.400000,0.052469
5359,-4.400000,0.052469
5360,-4.400000,0.052469
5361,-4.400000,0.070189
5362,-4.400000,0.070189
5363,-4.400000,0.070189
5364,-4.400000,0.070189
5365,-4.400000,0.070189
5366,-4.400000,0.070189
5367,-4.400000,0.087607
5368,-4.400000,0.087607
5370,-4.400000,0.087607
5371,-4.400000,0.087607
5372,-4.400000,0.104869
5373,-4.400000,0.104869
5374,-4.400000,0.104869
5375,-4.400000,0.104869
5376,-4.400000,0.104869
5377,-4.400000,0.122144
5378,-4.400000,0.122144
5379,-4.400000,0.122144
5380,-4.400000,0.122144
5381,-4.400000,0.139557
5382,-4.400000,0.139557
5383,-4.400000,0.139557
5384,-4.400000,0.139557
5385,-4.400000,0.139557
5386,-4.400000,0.139557
5387,-4.400000,0.157187
5388,-4.400000,0.157187
5390,-4.400000,0.157187
5391,-4.400000,0.157187
5392,-4.400000,0.175087
5393,-4.400000,0.175087
5394,-4.400000,0.175087
5395,-4.400000,0.175087
5396,-4.400000,0.175087
5397,-4.400000,0.193269
5398,-4.400000,0.193269
5399,-4.400000,0.193269
5400,4.400000,0.193269
5401,4.400000,0.211707
5402,4.400000,0.211707
5403,4.400000,0.211707
5404,4.400000,0.211707
5405,4.400000,0.211707
5406,4.400000,0.211707
5407,4.400000,0.230355
5408,4.400000,0.230355
5410,4.400000,0.230355
5411,4.400000,0.230355
5412,4.400000,0.249135
5413,4.400000,0.249135
5414,4.400000,0.249135
5415,4.400000,0.249135
5416,4.400000,0.249135
5417,4.400000,0.267824
5418,4.400000,0.267824
5419,4.400000,0.267824
5420,4.400000,0.267824
5421,4.400000,0.285703
5422,4.400000,0.285703
5423,4.400000,0.285703
5424,4.400000,0.285703
5425,4.400000,0.285703
5426,4.400000,0.302246
5427,4.400000,0.302246
5428,4.400000,0.302246
5430,4.400000,0.302246
5431,4.400000,0.302246
5432,4.400000,0.317379
5433,4.400000,0.317379
5434,4.400000,0.317379
5435,4.400000,0.317379
5436,4.400000,0.317379
5437,4.400000,0.331215
5438,4.400000,0.331215
5439,4.400000,0.331215
5440,4.400000,0.331215
5441,4.400000,0.343855
5442,4.400000,0.343855
5443,4.400000,0.343855
5444,4.400000,0.343855
5445,4.400000,0.343855
5446,4.400000,0.343855
5447,4.400000,0.355352
5448,4.400000,0.355352
5450,4.400000,0.355352
5451,4.400000,0.355352
5452,4.400000,0.365541
5453,4.400000,0.365541
5454,4.400000,0.365541
5455,4.400000,0.365541
5456,4.400000,0.365541
5457,4.400000,0.374563
5458,4.400000,0.374563
5459,4.400000,0.374563
5460,4.400000,0.374563
5461,4.400000,0.382275
5462,4.400000,0.382275
5463,4.400000,0.382275
5464,4.400000,0.382275
5465,4.400000,0.382275
5466,4.400000,0.382275
5467,4.400000,0.388844
5468,4.400000,0.388844
5470,4.400000,0.388844
5471,4.400000,0.388844
5472,4.400000,0.394207
5473,4.400000,0.394207
5474,4.400000,0.394207
5475,4.400000,0.394207
5476,4.400000,0.394207
5477,4.400000,0.398446
5478,4.400000,0.398446
5479,4.400000,0.398446
5480,4.400000,0.398446
5481,4.400000,0.401494
5482,4.400000,0.401494
5483,4.400000,0.401494
5484,4.400000,0.401494
5485,4.400000,0.401494
5486,4.400000,0.401494
5487,4.400000,0.403387
5489,4.400000,0.403387
5490,4.400000,0.403387
5491,4.400000,0.403387
5492,4.400000,0.404132
5493,4.400000,0.404132
5494,4.400000,0.404132
5495,4.400000,0.404132
5496,4.400000,0.404132
5497,4.400000,0.403746
5498,4.400000,0.403746
5499,4.400000,0.403746
5500,4.400000,0.403746
5501,4.400000,0.402304
5502,4.400000,0.402304
5503,4.400000,0.402304
5504,4.400000,0.402304
5505,4.400000,0.402304
5506,4.400000,0.402304
5507,4.400000,0.399852
5509,4.400000,0.399852
5510,4.400000,0.399852
5511,4.400000,0.399852
5512,4.400000,0.396391
5513,4.400000,0.396391
5514,4.400000,0.396391
5515,4.400000,0.396391
5516,4.400000,0.396391
5517,4.400000,0.391919
5518,4.400000,0.391919
5519,4.400000,0.391919
5520,4.400000,0.391919
5521,4.400000,0.386429
5522,4.400000,0.386429
5523,4.400000,0.386429
5524,4.400000,0.386429
5525,4.400000,0.386429
5526,4.400000,0.386429
5527,4.400000,0.379924
5529,4.400000,0.379924
5530,4.400000,0.379924
5531,4.400000,0.379924
5532,4.400000,0.372431
5533,4.400000,0.372431
5534,4.400000,0.372431
5535,4.400000,0.372431
5536,4.400000,0.372431
5537,4.400000,0.363966
5538,4.400000,0.363966
5539,4.400000,0.363966
5540,4.400000,0.363966
5541,4.400000,0.354548
5542,4.400000,0.354548
5543,4.400000,0.354548
5544,4.400000,0.354548
5545,4.400000,0.354548
5546,4.400000,0.354548
5547,4.400000,0.344203
5549,4.400000,0.344203
5550,4.400000,0.344203
5551,4.400000,0.344203
5552,4.400000,0.332923
5553,4.400000,0.332923
5554,4.400000,0.332923
5555,4.400000,0.332923
5556,4.400000,0.332923
5557,4.400000,0.320735
5558,4.400000,0.320735
5559,4.400000,0.320735
5560,4.400000,0.320735
5561,4.400000,0.307629
5562,4.400000,0.307629
5563,4.400000,0.307629
5564,4.400000,0.307629
5565,4.400000,0.307629
5566,4.400000,0.307629
5568,4.400000,0.293608
5569,4.400000,0.293608
5570,4.400000,0.293608
5571,4.400000,0.293608
5572,4.400000,0.278684
5573,4.400000,0.278684
5574,4.400000,0.278684
5575,4.400000,0.278684
5576,4.400000,0.278684
5577,4.400000,0.262851
5578,4.400000,0.262851
5579,4.400000,0.262851
5580,4.400000,0.262851
5581,4.400000,0.246105
5582,4.400000,0.246105
5583,4.400000,0.246105
5584,4.400000,0.246105
5585,4.400000,0.246105
5586,4.400000,0.246105
5588,4.400000,0.228463
5589,4.400000,0.228463
5590,4.400000,0.228463
5591,4.400000,0.228463
5592,4.400000,0.209929
5593,4.400000,0.209929
5594,4.400000,0.209929
5595,4.400000,0.209929
5596,4.400000,0.209929
5597,4.400000,0.190500
5598,4.400000,0.190500
5599,4.400000,0.190500
5600,4.400000,0.190500
5601,4.400000,0.170183
5602,4.400000,0.170183
5603,4.400000,0.170183
5604,4.400000,0.170183
5605,4.400000,0.170183
5606,4.400000,0.170183
5608,4.400000,0.148991
5609,4.400000,0.148991
5610,4.400000,0.148991
5611,4.400000,0.148991
5612,4.400000,0.127070
5613,4.400000,0.127070
5614,4.400000,0.127070
5615,4.400000,0.127070
5616,4.400000,0.127070
5617,4.400000,0.104871
5618,4.400000,0.104871
5619,4.400000,0.104871
5620,4.400000,0.104871
5621,4.400000,0.082869
5622,4.400000,0.082869
5623,4.400000,0.082869
5624,4.400000,0.082869
5625,4.400000,0.082869
5626,4.400000,0.082869
5628,4.400000,0.061416
5629,4.400000,0.061416
5630,4.400000,0.061416
5631,4.400000,0.061416
5632,4.400000,0.040681
5633,4.400000,0.040681
5634,4.400000,0.040681
5635,4.400000,0.040681
5636,4.400000,0.040681
5637,4.400000,0.020772
5638,4.400000,0.020772
5639,4.400000,0.020772
5640,4.400000,0.020772
5641,4.400000,0.001637
5642,4.400000,0.001637
5643,4.400000,0.001637
5644,4.400000,0.001637
5645,4.400000,0.001637
5646,4.400000,0.001637
5648,4.400000,-0.016848
5649,4.400000,-0.016848
5650,4.400000,-0.016848
5651,4.400000,-0.016848
5652,4.400000,-0.034842
5653,4.400000,-0.034842
5654,4.400000,-0.034842
5655,4.400000,-0.034842
5656,4.400000,-0.034842
5657,4.400000,-0.052548
5658,4.400000,-0.052548
5659,4.400000,-0.052548
5660,4.400000,-0.052548
5661,4.400000,-0.070177
5662,4.400000,-0.070177
5663,4.400000,-0.070177
5664,4.400000,-0.070177
5665,4.400000,-0.070177
5667,4.400000,-0.070177
5668,4.400000,-0.087885
5669,4.400000,-0.087885
5670,4.400000,-0.087885
5671,4.400000,-0.087885
5672,4.400000,-0.105804
5673,4.400000,-0.105804
5674,4.400000,-0.105804
5675,4.400000,-0.105804
5676,4.400000,-0.105804
5677,4.400000,-0.124029
5678,4.400000,-0.124029
5679,4.400000,-0.124029
5680,4.400000,-0.124029
5681,4.400000,-0.142612
5682,4.400000,-0.142612
5683,4.400000,-0.142612
5684,4.400000,-0.142612
5685,4.400000,-0.142612
5687,4.400000,-0.142612
5688,4.400000,-0.161533
5689,4.400000,-0.161533
5690,4.400000,-0.161533
5691,4.400000,-0.161533
5692,4.400000,-0.180737
5693,4.400000,-0.180737
5694,4.400000,-0.180737
5695,4.400000,-0.180737
5696,4.400000,-0.180737
5697,4.400000,-0.200140
5698,4.400000,-0.200140
5699,4.400000,-0.200140
5700,-4.400000,-0.200140
5701,-4.400000,-0.219659
5702,-4.400000,-0.219659
5703,-4.400000,-0.219659
5704,-4.400000,-0.219659
5705,-4.400000,-0.219659
5707,-4.400000,-0.219659
5708,-4.400000,-0.239208
5709,-4.400000,-0.239208
5710,-4.400000,-0.239208
5711,-4.400000,-0.239208
5712,-4.400000,-0.258703
5713,-4.400000,-0.258703
5714,-4.400000,-0.258703
5715,-4.400000,-0.258703
5716,-4.400000,-0.258703
5717,-4.400000,-0.277960
5718,-4.400000,-0.277960
5719,-4.400000,-0.277960
5720,-4.400000,-0.277960
5721,-4.400000,-0.296399
5722,-4.400000,-0.296399
5723,-4.400000,-0.296399
5724,-4.400000,-0.296399
5726,-4.400000,-0.296399
5727,-4.400000,-0.296399
5728,-4.400000,-0.313580
5729,-4.400000,-0.313580
5730,-4.400000,-0.313580
5731,-4.400000,-0.313580
5732,-4.400000,-0.329452
5733,-4.400000,-0.329452
5734,-4.400000,-0.329452
5735,-4.400000,-0.329452
5736,-4.400000,-0.329452
5737,-4.400000,-0.344128
5738,-4.400000,-0.344128
5739,-4.400000,-0.344128
5740,-4.400000,-0.344128
5741,-4.400000,-0.357671
5742,-4.400000,-0.357671
5743,-4.400000,-0.357671
5744,-4.400000,-0.357671
5746,-4.400000,-0.357671
5747,-4.400000,-0.357671
5748,-4.400000,-0.370084
5749,-4.400000,-0.370084
5750,-4.400000,-0.370084
5751,-4.400000,-0.370084
5752,-4.400000,-0.381335
5753,-4.400000,-0.381335
5754,-4.400000,-0.381335
5755,-4.400000,-0.381335
5756,-4.400000,-0.381335
5757,-4.400000,-0.391413
5758,-4.400000,-0.391413
5759,-4.400000,-0.391413
5760,-4.400000,-0.391413
5761,-4.400000,-0.400309
5762,-4.400000,-0.400309
5763,-4.400000,-0.400309
5764,-4.400000,-0.400309
5766,-4.400000,-0.400309
5767,-4.400000,-0.400309
5768,-4.400000,-0.408061
5769,-4.400000,-0.408061
5770,-4.400000,-0.408061
5771,-4.400000,-0.408061
5772,-4.400000,-0.414672
5773,-4.400000,-0.414672
5774,-4.400000,-0.414672
5775,-4.400000,-0.414672
5776,-4.400000,-0.414672
5777,-4.400000,-0.420160
5778,-4.400000,-0.420160
5779,-4.400000,-0.420160
5780,-4.400000,-0.420160
5781,-4.400000,-0.424517
5782,-4.400000,-0.424517
5783,-4.400000,-0.424517
5784,-4.400000,-0.424517
5786,-4.400000,-0.424517
5787,-4.400000,-0.424517
5788,-4.400000,-0.427733
5789,-4.400000,-0.427733
5790,-4.400000,-0.427733
5791,-4.400000,-0.427733
5792,-4.400000,-0.429794
5793,-4.400000,-0.429794
5794,-4.400000,-0.429794
5795,-4.400000,-0.429794
5796,-4.400000,-0.429794
5797,-4.400000,-0.430697
5798,-4.400000,-0.430697
5799,-4.400000,-0.430697
5800,-4.400000,-0.430697
5801,-4.400000,-0.430473
5802,-4.400000,-0.430473
5803,-4.400000,-0.430473
5805,-4.400000,-0.430473
5806,-4.400000,-0.430473
5807,-4.400000,-0.430473
5808,-4.400000,-0.429205
5809,-4.400000,-0.429205
5810,-4.400000,-0.429205
5811,-4.400000,-0.429205
5812,-4.400000,-0.426966
5813,-4.400000,-0.426966
5814,-4.400000,-0.426966
5815,-4.400000,-0.426966
5816,-4.400000,-0.426966
5817,-4.400000,-0.423770
5818,-4.400000,-0.423770
5819,-4.400000,-0.423770
5820,-4.400000,-0.423770
5821,-4.400000,-0.419617
5822,-4.400000,-0.419617
5823,-4.400000,-0.419617
5824,-4.400000,-0.419617
5826,-4.400000,-0.419617
5827,-4.400000,-0.419617
5828,-4.400000,-0.414519
5829,-4.400000,-0.414519
5830,-4.400000,-0.414519
5831,-4.400000,-0.414519
5832,-4.400000,-0.408481
5833,-4.400000,-0.408481
5834,-4.400000,-0.408481
5835,-4.400000,-0.408481
5836,-4.400000,-0.408481
5837,-4.400000,-0.401512
5838,-4.400000,-0.401512
5839,-4.400000,-0.401512
5840,-4.400000,-0.401512
5841,-4.400000,-0.393630
5842,-4.400000,-0.393630
5843,-4.400000,-0.393630
5845,-4.400000,-0.393630
5846,-4.400000,-0.393630
5847,-4.400000,-0.393630
5848,-4.400000,-0.384859
5849,-4.400000,-0.384859
5850,-4.400000,-0.384859
5851,-4.400000,-0.384859
5852,-4.400000,-0.375197
5853,-4.400000,-0.375197
5854,-4.400000,-0.375197
5855,-4.400000,-0.375197
5856,-4.400000,-0.375197
5857,-4.400000,-0.364656
5858,-4.400000,-0.364656
5859,-4.400000,-0.364656
5860,-4.400000,-0.364656
5861,-4.400000,-0.353249
5862,-4.400000,-0.353249
5864,-4.400000,-0.353249
5865,-4.400000,-0.353249
5866,-4.400000,-0.353249
5867,-4.400000,-0.353249
5868,-4.400000,-0.340993
5869,-4.400000,-0.340993
5870,-4.400000,-0.340993
5871,-4.400000,-0.340993
5872,-4.400000,-0.327870
5873,-4.400000,-0.327870
5874,-4.400000,-0.327870
5875,-4.400000,-0.327870
5876,-4.400000,-0.327870
5877,-4.400000,-0.313878
5878,-4.400000,-0.313878
5879,-4.400000,-0.313878
5880,-4.400000,-0.313878
5881,-4.400000,-0.299006
5882,-4.400000,-0.299006
5884,-4.400000,-0.299006
5885,-4.400000,-0.299006
5886,-4.400000,-0.299006
5887,-4.400000,-0.299006
5888,-4.400000,-0.283255
5889,-4.400000,-0.283255
5890,-4.400000,-0.283255
5891,-4.400000,-0.283255
5892,-4.400000,-0.266629
5893,-4.400000,-0.266629
5894,-4.400000,-0.266629
5895,-4.400000,-0.266629
5896,-4.400000,-0.266629
5897,-4.400000,-0.249141
5898,-4.400000,-0.249141
5899,-4.400000,-0.249141
5900,-4.400000,-0.249141
5901,-4.400000,-0.230815
5902,-4.400000,-0.230815
5904,-4.400000,-0.230815
5905,-4.400000,-0.230815
5906,-4.400000,-0.230815
5907,-4.400000,-0.230815
5908,-4.400000,-0.211666
5909,-4.400000,-0.211666
5910,-4.400000,-0.211666
5911,-4.400000,-0.211666
5912,-4.400000,-0.191701
5913,-4.400000,-0.191701
5914,-4.400000,-0.191701
5915,-4.400000,-0.191701
5916,-4.400000,-0.191701
5917,-4.400000,-0.170930
5918,-4.400000,-0.170930
5919,-4.400000,-0.170930
5920,-4.400000,-0.170930
5921,-4.400000,-0.149454
5922,-4.400000,-0.149454
5924,-4.400000,-0.149454
5925,-4.400000,-0.149454
5926,-4.400000,-0.149454
5927,-4.400000,-0.149454
5928,-4.400000,-0.127559
5929,-4.400000,-0.127559
5930,-4.400000,-0.127559
5931,-4.400000,-0.127559
5932,-4.400000,-0.105616
5933,-4.400000,-0.105616
5934,-4.400000,-0.105616
5935,-4.400000,-0.105616
5936,-4.400000,-0.105616
5937,-4.400000,-0.084084
5938,-4.400000,-0.084084
5939,-4.400000,-0.084084
5940,-4.400000,-0.084084
5941,-4.400000,-0.063188
5943,-4.400000,-0.063188
5944,-4.400000,-0.063188
5945,-4.400000,-0.063188
5946,-4.400000,-0.063188
5947,-4.400000,-0.063188
5948,-4.400000,-0.043077
5949,-4.400000,-0.043077
5950,-4.400000,-0.043077
5951,-4.400000,-0.043077
5952,-4.400000,-0.023784
5953,-4.400000,-0.023784
5954,-4.400000,-0.023784
5955,-4.400000,-0.023784
5956,-4.400000,-0.023784
5957,-4.400000,-0.005256
5958,-4.400000,-0.005256
5959,-4.400000,-0.005256
5960,-4.400000,-0.005256
5961,-4.400000,0.012635
5963,-4.400000,0.012635
5964,-4.400000,0.012635
5965,-4.400000,0.012635
5966,-4.400000,0.012635
5967,-4.400000,0.012635
5968,-4.400000,0.030084
5969,-4.400000,0.030084
5970,-4.400000,0.030084
5971,-4.400000,0.030084
5972,-4.400000,0.047264
5973,-4.400000,0.047264
5974,-4.400000,0.047264
5975,-4.400000,0.047264
5976,-4.400000,0.047264
5977,-4.400000,0.064381
5978,-4.400000,0.064381
5979,-4.400000,0.064381
5980,-4.400000,0.064381
5981,-4.400000,0.064381
5982,-4.400000,0.081599
5984,-4.400000,0.081599
5985,-4.400000,0.081599
5986,-4.400000,0.081599
5987,-4.400000,0.081599
5988,-4.400000,0.099050
5989,-4.400000,0.099050
5990,-4.400000,0.099050
5991,-4.400000,0.099050
5992,-4.400000,0.116799
5993,-4.400000,0.116799
5994,-4.400000,0.116799
5995,-4.400000,0.116799
5996,-4.400000,0.116799
5997,-4.400000,0.134892
5998,-4.400000,0.134892
5999,-4.400000,0.134892
6000,4.400000,0.134892
6001,4.400000,0.153298
6002,4.400000,0.153298
6004,4.400000,0.153298
6005,4.400000,0.153298
6006,4.400000,0.153298
6007,4.400000,0.153298
6008,4.400000,0.171963
6009,4.400000,0.171963
6010,4.400000,0.171963
6011,4.400000,0.171963
6012,4.400000,0.190813
6013,4.400000,0.190813
6014,4.400000,0.190813
6015,4.400000,0.190813
6016,4.400000,0.190813
6017,4.400000,0.209671
6018,4.400000,0.209671
6019,4.400000,0.209671
6020,4.400000,0.209671
6021,4.400000,0.227878
6022,4.400000,0.227878
6024,4.400000,0.227878
6025,4.400000,0.227878
6026,4.400000,0.227878
6027,4.400000,0.227878
6028,4.400000,0.244818
6029,4.400000,0.244818
6030,4.400000,0.244818
6031,4.400000,0.244818
6032,4.400000,0.260370
6033,4.400000,0.260370
6034,4.400000,0.260370
6035,4.400000,0.260370
6036,4.400000,0.260370
6037,4.400000,0.274588
6038,4.400000,0.274588
6039,4.400000,0.274588
6040,4.400000,0.274588
6041,4.400000,0.287573
6042,4.400000,0.287573
6044,4.400000,0.287573
6045,4.400000,0.287573
6046,4.400000,0.287573
6047,4.400000,0.287573
6048,4.400000,0.299291
6049,4.400000,0.299291
6050,4.400000,0.299291
6051,4.400000,0.299291
6052,4.400000,0.309767
6053,4.400000,0.309767
6054,4.400000,0.309767
6055,4.400000,0.309767
6056,4.400000,0.309767
6057,4.400000,0.319011
6058,4.400000,0.319011
6059,4.400000,0.319011
6060,4.400000,0.319011
6061,4.400000,0.327039
6063,4.400000,0.327039
6064,4.400000,0.327039
6065,4.400000,0.327039
6066,4.400000,0.327039
6067,4.400000,0.327039
6068,4.400000,0.333871
6069,4.400000,0.333871
6070,4.400000,0.333871
6071,4.400000,0.333871
6072,4.400000,0.339522
6073,4.400000,0.339522
6074,4.400000,0.339522
6075,4.400000,0.339522
6076,4.400000,0.339522
6077,4.400000,0.344009
6078,4.400000,0.344009
6079,4.400000,0.344009
6080,4.400000,0.344009
6081,4.400000,0.347343
6083,4.400000,0.347343
6084,4.400000,0.347343
6085,4.400000,0.347343
6086,4.400000,0.347343
6087,4.400000,0.347343
6088,4.400000,0.349537
6089,4.400000,0.349537
6090,4.400000,0.349537
6091,4.400000,0.349537
6092,4.400000,0.350512
6093,4.400000,0.350512
6094,4.400000,0.350512
6095,4.400000,0.350512
6096,4.400000,0.350512
6097,4.400000,0.350423
6098,4.400000,0.350423
6099,4.400000,0.350423
6100,4.400000,0.350423
6101,4.400000,0.349118
6103,4.400000,0.349118
6104,4.400000,0.349118
6105,4.400000,0.349118
6106,4.400000,0.349118
6107,4.400000,0.349118
6108,4.400000,0.346789
6109,4.400000,0.346789
6110,4.400000,0.346789
6111,4.400000,0.346789
6112,4.400000,0.343466
6113,4.400000,0.343466
6114,4.400000,0.343466
6115,4.400000,0.343466
6116,4.400000,0.343466
6117,4.400000,0.339133
6118,4.400000,0.339133
6119,4.400000,0.339133
6120,4.400000,0.339133
6122,4.400000,0.333797
6123,4.400000,0.333797
6124,4.400000,0.333797
6125,4.400000,0.333797
6126,4.400000,0.333797
6127,4.400000,0.333797
6128,4.400000,0.327467
6129,4.400000,0.327467
6130,4.400000,0.327467
6131,4.400000,0.327467
6132,4.400000,0.320169
6133,4.400000,0.320169
6134,4.400000,0.320169
6135,4.400000,0.320169
6136,4.400000,0.320169
6137,4.400000,0.311985
6138,4.400000,0.311985
6139,4.400000,0.311985
6140,4.400000,0.311985
6142,4.400000,0.302791
6143,4.400000,0.302791
6144,4.400000,0.302791
6145,4.400000,0.302791
6146,4.400000,0.302791
6147,4.400000,0.302791
6148,4.400000,0.292721
6149,4.400000,0.292721
6150,4.400000,0.292721
6151,4.400000,0.292721
6152,4.400000,0.281773
6153,4.400000,0.281773
6154,4.400000,0.281773
6155,4.400000,0.281773
6156,4.400000,0.281773
6157,4.400000,0.269901
6158,4.400000,0.269901
6159,4.400000,0.269901
6160,4.400000,0.269901
6162,4.400000,0.257099
6163,4.400000,0.257099
6164,4.400000,0.257099
6165,4.400000,0.257099
6166,4.400000,0.257099
6167,4.400000,0.257099
6168,4.400000,0.243384
6169,4.400000,0.243384
6170,4.400000,0.243384
6171,4.400000,0.243384
6172,4.400000,0.228762
6173,4.400000,0.228762
6174,4.400000,0.228762
6175,4.400000,0.228762
6176,4.400000,0.228762
6177,4.400000,0.213249
6178,4.400000,0.213249
6179,4.400000,0.213249
6180,4.400000,0.213249
6182,4.400000,0.196837
6183,4.400000,0.196837
6184,4.400000,0.196837
6185,4.400000,0.196837
6186,4.400000,0.196837
6187,4.400000,0.179537
6188,4.400000,0.179537
6189,4.400000,0.179537
6190,4.400000,0.179537
6191,4.400000,0.179537
6192,4.400000,0.161341
6193,4.400000,0.161341
6194,4.400000,0.161341
6195,4.400000,0.161341
6196,4.400000,0.161341
6197,4.400000,0.142234
6198,4.400000,0.142234
6199,4.400000,0.142234
6200,4.400000,0.142234
6202,4.400000,0.122204
6203,4.400000,0.122204
6204,4.400000,0.122204
6205,4.400000,0.122204
6206,4.400000,0.122204
6207,4.400000,0.122204
6208,4.400000,0.101274
6209,4.400000,0.101274
6210,4.400000,0.101274
6211,4.400000,0.101274
6212,4.400000,0.079548
6213,4.400000,0.079548
6214,4.400000,0.079548
6215,4.400000,0.079548
6216,4.400000,0.079548
6217,4.400000,0.057344
6218,4.400000,0.057344
6219,4.400000,0.057344
6220,4.400000,0.057344
6222,4.400000,0.035113
6223,4.400000,0.035113
6224,4.400000,0.035113
6225,4.400000,0.035113
6226,4.400000,0.035113
6227,4.400000,0.035113
6228,4.400000,0.013283
6229,4.400000,0.013283
6230,4.400000,0.013283
6231,4.400000,0.013283
6232,4.400000,-0.007920
6233,4.400000,-0.007920
6234,4.400000,-0.007920
6235,4.400000,-0.007920
6236,4.400000,-0.007920
6237,4.400000,-0.028330
6238,4.400000,-0.028330
6239,4.400000,-0.028330
6240,4.400000,-0.028330
6242,4.400000,-0.047937
6243,4.400000,-0.047937
6244,4.400000,-0.047937
6245,4.400000,-0.047937
6246,4.400000,-0.047937
6247,4.400000,-0.047937
6248,4.400000,-0.066810
6249,4.400000,-0.066810
6250,4.400000,-0.066810
6251,4.400000,-0.066810
6252,4.400000,-0.085093
6253,4.400000,-0.085093
6254,4.400000,-0.085093
6255,4.400000,-0.085093
6256,4.400000,-0.085093
6257,4.400000,-0.102976
6258,4.400000,-0.102976
6259,4.400000,-0.102976
6260,4.400000,-0.102976
6262,4.400000,-0.120654
6263,4.400000,-0.120654
6264,4.400000,-0.120654
6265,4.400000,-0.120654
6266,4.400000,-0.120654
6267,4.400000,-0.120654
6268,4.400000,-0.138302
6269,4.400000,-0.138302
6270,4.400000,-0.138302
6271,4.400000,-0.138302
6272,4.400000,-0.156050
6273,4.400000,-0.156050
6274,4.400000,-0.156050
6275,4.400000,-0.156050
6276,4.400000,-0.156050
6277,4.400000,-0.174035
6278,4.400000,-0.174035
6279,4.400000,-0.174035
6280,4.400000,-0.174035
6282,4.400000,-0.192362
6283,4.400000,-0.192362
6284,4.400000,-0.192362
6285,4.400000,-0.192362
6286,4.400000,-0.192362
6287,4.400000,-0.192362
6288,4.400000,-0.211058
6289,4.400000,-0.211058
6290,4.400000,-0.211058
6291,4.400000,-0.211058
6292,4.400000,-0.230093
6293,4.400000,-0.230093
6294,4.400000,-0.230093
6295,4.400000,-0.230093
6296,4.400000,-0.230093
6297,4.400000,-0.249407
6298,4.400000,-0.249407
6299,4.400000,-0.249407
6300,-4.400000,-0.249407
6302,-4.400000,-0.268891
6303,-4.400000,-0.268891
6304,-4.400000,-0.268891
6305,-4.400000,-0.268891
6306,-4.400000,-0.268891
6307,-4.400000,-0.268891
6308,-4.400000,-0.288448
6309,-4.400000,-0.288448
6310,-4.400000,-0.288448
6311,-4.400000,-0.288448
6312,-4.400000,-0.307998
6313,-4.400000,-0.307998
6314,-4.400000,-0.307998
6315,-4.400000,-0.307998
6316,-4.400000,-0.307998
6317,-4.400000,-0.327371
6318,-4.400000,-0.327371
6319,-4.400000,-0.327371
6320,-4.400000,-0.327371
6322,-4.400000,-0.345989
6323,-4.400000,-0.345989
6324,-4.400000,-0.345989
6325,-4.400000,-0.345989
6326,-4.400000,-0.345989
6327,-4.400000,-0.345989
6328,-4.400000,-0.363409
6329,-4.400000,-0.363409
6330,-4.400000,-0.363409
6331,-4.400000,-0.363409
6332,-4.400000,-0.379578
6333,-4.400000,-0.379578
6334,-4.400000,-0.379578
6335,-4.400000,-0.379578
6336,-4.400000,-0.379578
6337,-4.400000,-0.394590
6338,-4.400000,-0.394590
6339,-4.400000,-0.394590
6340,-4.400000,-0.394590
6342,-4.400000,-0.408479
6343,-4.400000,-0.408479
6344,-4.400000,-0.408479
6345,-4.400000,-0.408479
6346,-4.400000,-0.408479
6347,-4.400000,-0.408479
6348,-4.400000,-0.421237
6349,-4.400000,-0.421237
6350,-4.400000,-0.421237
6351,-4.400000,-0.421237
6352,-4.400000,-0.432851
6353,-4.400000,-0.432851
6354,-4.400000,-0.432851
6355,-4.400000,-0.432851
6356,-4.400000,-0.432851
6357,-4.400000,-0.443343
6358,-4.400000,-0.443343
6359,-4.400000,-0.443343
6360,-4.400000,-0.443343
6362,-4.400000,-0.452713
6363,-4.400000,-0.452713
6364,-4.400000,-0.452713
6365,-4.400000,-0.452713
6366,-4.400000,-0.452713
6367,-4.400000,-0.452713
6368,-4.400000,-0.460988
6369,-4.400000,-0.460988
6370,-4.400000,-0.460988
6371,-4.400000,-0.460988
6372,-4.400000,-0.468181
6373,-4.400000,-0.468181
6374,-4.400000,-0.468181
6375,-4.400000,-0.468181
6376,-4.400000,-0.468181
6377,-4.400000,-0.474307
6378,-4.400000,-0.474307
6379,-4.400000,-0.474307
6380,-4.400000,-0.474307
6382,-4.400000,-0.479371
6383,-4.400000,-0.479371
6384,-4.400000,-0.479371
6385,-4.400000,-0.479371
6386,-4.400000,-0.479371
6387,-4.400000,-0.479371
6388,-4.400000,-0.483366
6389,-4.400000,-0.483366
6390,-4.400000,-0.483366
6391,-4.400000,-0.483366
6392,-4.400000,-0.486270
6393,-4.400000,-0.486270
6394,-4.400000,-0.486270
6395,-4.400000,-0.486270
6396,-4.400000,-0.486270
6397,-4.400000,-0.488076
6398,-4.400000,-0.488076
6399,-4.400000,-0.488076
6400,-4.400000,-0.488076
6402,-4.400000,-0.488790
6403,-4.400000,-0.488790
6404,-4.400000,-0.488790
6405,-4.400000,-0.488790
6406,-4.400000,-0.488790
6407,-4.400000,-0.488790
6408,-4.400000,-0.488438
6409,-4.400000,-0.488438
6410,-4.400000,-0.488438
6411,-4.400000,-0.488438
6412,-4.400000,-0.487084
6413,-4.400000,-0.487084
6414,-4.400000,-0.487084
6415,-4.400000,-0.487084
6416,-4.400000,-0.487084
6417,-4.400000,-0.484742
6418,-4.400000,-0.484742
6419,-4.400000,-0.484742
6420,-4.400000,-0.484742
6422,-4.400000,-0.484742
6423,-4.400000,-0.481445
6424,-4.400000,-0.481445
6425,-4.400000,-0.481445
6426,-4.400000,-0.481445
6427,-4.400000,-0.477196
6428,-4.400000,-0.477196
6429,-4.400000,-0.477196
6430,-4.400000,-0.477196
6431,-4.400000,-0.477196
6432,-4.400000,-0.472015
6433,-4.400000,-0.472015
6434,-4.400000,-0.472015
6435,-4.400000,-0.472015
6436,-4.400000,-0.472015
6437,-4.400000,-0.465929
6438,-4.400000,-0.465929
6439,-4.400000,-0.465929
6440,-4.400000,-0.465929
6442,-4.400000,-0.458948
6443,-4.400000,-0.458948
6444,-4.400000,-0.458948
6445,-4.400000,-0.458948
6446,-4.400000,-0.458948
6447,-4.400000,-0.458948
6448,-4.400000,-0.451082
6449,-4.400000,-0.451082
6450,-4.400000,-0.451082
6451,-4.400000,-0.451082
6452,-4.400000,-0.442337
6453,-4.400000,-0.442337
6454,-4.400000,-0.442337
6455,-4.400000,-0.442337
6456,-4.400000,-0.442337
6457,-4.400000,-0.432734
6458,-4.400000,-0.432734
6459,-4.400000,-0.432734
6460,-4.400000,-0.432734
6462,-4.400000,-0.422249
6463,-4.400000,-0.422249
6464,-4.400000,-0.422249
6465,-4.400000,-0.422249
6466,-4.400000,-0.422249
6467,-4.400000,-0.422249
6468,-4.400000,-0.410884
6469,-4.400000,-0.410884
6470,-4.400000,-0.410884
6471,-4.400000,-0.410884
6472,-4.400000,-0.398632
6473,-4.400000,-0.398632
6474,-4.400000,-0.398632
6475,-4.400000,-0.398632
6476,-4.400000,-0.398632
6477,-4.400000,-0.385511
6478,-4.400000,-0.385511
6479,-4.400000,-0.385511
6480,-4.400000,-0.385511
6482,-4.400000,-0.371518
6483,-4.400000,-0.371518
6484,-4.400000,-0.371518
6485,-4.400000,-0.371518
6486,-4.400000,-0.371518
6487,-4.400000,-0.371518
6488,-4.400000,-0.356659
6489,-4.400000,-0.356659
6490,-4.400000,-0.356659
6491,-4.400000,-0.356659
6492,-4.400000,-0.340948
6493,-4.400000,-0.340948
6494,-4.400000,-0.340948
6495,-4.400000,-0.340948
6496,-4.400000,-0.340948
6497,-4.400000,-0.324384
6498,-4.400000,-0.324384
6499,-4.400000,-0.324384
6500,-4.400000,-0.324384
6502,-4.400000,-0.306969
6503,-4.400000,-0.306969
6504,-4.400000,-0.306969
6505,-4.400000,-0.306969
6506,-4.400000,-0.306969
6507,-4.400000,-0.306969
6508,-4.400000,-0.288698
6509,-4.400000,-0.288698
6510,-4.400000,-0.288698
6511,-4.400000,-0.288698
6512,-4.400000,-0.269568
6513,-4.400000,-0.269568
6514,-4.400000,-0.269568
6515,-4.400000,-0.269568
6516,-4.400000,-0.269568
6517,-4.400000,-0.249611
6518,-4.400000,-0.249611
6519,-4.400000,-0.249611
6520,-4.400000,-0.249611
6522,-4.400000,-0.228849
6523,-4.400000,-0.228849
6524,-4.400000,-0.228849
6525,-4.400000,-0.228849
6526,-4.400000,-0.228849
6527,-4.400000,-0.228849
6528,-4.400000,-0.207388
6529,-4.400000,-0.207388
6530,-4.400000,-0.207388
6531,-4.400000,-0.207388
6532,-4.400000,-0.185507
6533,-4.400000,-0.185507
6534,-4.400000,-0.185507
6535,-4.400000,-0.185507
6536,-4.400000,-0.185507
6537,-4.400000,-0.163668
6538,-4.400000,-0.163668
6539,-4.400000,-0.163668
6540,-4.400000,-0.163668
6542,-4.400000,-0.142223
6543,-4.400000,-0.142223
6544,-4.400000,-0.142223
6545,-4.400000,-0.142223
6546,-4.400000,-0.142223
6547,-4.400000,-0.142223
6548,-4.400000,-0.121425
6549,-4.400000,-0.121425
6550,-4.400000,-0.121425
6551,-4.400000,-0.121425
6552,-4.400000,-0.101356
6553,-4.400000,-0.101356
6554,-4.400000,-0.101356
6555,-4.400000,-0.101356
6556,-4.400000,-0.101356
6557,-4.400000,-0.082030
6558,-4.400000,-0.082030
6559,-4.400000,-0.082030
6560,-4.400000,-0.082030
6562,-4.400000,-0.063399
6563,-4.400000,-0.063399
6564,-4.400000,-0.063399
6565,-4.400000,-0.063399
6566,-4.400000,-0.063399
6567,-4.400000,-0.063399
6568,-4.400000,-0.045346
6569,-4.400000,-0.045346
6570,-4.400000,-0.045346
6571,-4.400000,-0.045346
6572,-4.400000,-0.027704
6573,-4.400000,-0.027704
6574,-4.400000,-0.027704
6575,-4.400000,-0.027704
6576,-4.400000,-0.027704
6577,-4.400000,-0.010279
6578,-4.400000,-0.010279
6579,-4.400000,-0.010279
6581,-4.400000,-0.010279
6582,-4.400000,0.007089
6583,-4.400000,0.007089
6584,-4.400000,0.007089
6585,-4.400000,0.007089
6586,-4.400000,0.007089
6587,-4.400000,0.007089
6588,-4.400000,0.024563
6589,-4.400000,0.024563
6590,-4.400000,0.024563
6591,-4.400000,0.024563
6592,-4.400000,0.042259
6593,-4.400000,0.042259
6594,-4.400000,0.042259
6595,-4.400000,0.042259
6596,-4.400000,0.042259
6597,-4.400000,0.060254
6598,-4.400000,0.060254
6599,-4.400000,0.060254
6600,4.400000,0.060254
6602,4.400000,0.078566
6603,4.400000,0.078566
6604,4.400000,0.078566
6605,4.400000,0.078566
6606,4.400000,0.078566
6607,4.400000,0.078566
6608,4.400000,0.097173
6609,4.400000,0.097173
6610,4.400000,0.097173
6611,4.400000,0.097173
6612,4.400000,0.116016
6613,4.400000,0.116016
6614,4.400000,0.116016
6615,4.400000,0.116016
6616,4.400000,0.116016
6617,4.400000,0.134886
6618,4.400000,0.134886
6619,4.400000,0.134886
6620,4.400000,0.134886
6622,4.400000,0.153029
6623,4.400000,0.153029
6624,4.400000,0.153029
6625,4.400000,0.153029
6626,4.400000,0.153029
6627,4.400000,0.153029
6628,4.400000,0.169882
6629,4.400000,0.169882
6630,4.400000,0.169882
6631,4.400000,0.169882
6632,4.400000,0.185362
6633,4.400000,0.185362
6634,4.400000,0.185362
6635,4.400000,0.185362
6636,4.400000,0.185362
6637,4.400000,0.199559
6638,4.400000,0.199559
6639,4.400000,0.199559
6640,4.400000,0.199559
6642,4.400000,0.212573
6643,4.400000,0.212573
6644,4.400000,0.212573
6645,4.400000,0.212573
6646,4.400000,0.212573
6647,4.400000,0.212573
6648,4.400000,0.224394
6649,4.400000,0.224394
6650,4.400000,0.224394
6651,4.400000,0.224394
6652,4.400000,0.235023
6653,4.400000,0.235023
6654,4.400000,0.235023
6655,4.400000,0.235023
6656,4.400000,0.235023
6657,4.400000,0.244461
6658,4.400000,0.244461
6659,4.400000,0.244461
6660,4.400000,0.244461
6662,4.400000,0.252690
6663,4.400000,0.252690
6664,4.400000,0.252690
6665,4.400000,0.252690
6666,4.400000,0.252690
6667,4.400000,0.252690
6668,4.400000,0.259723
6669,4.400000,0.259723
6670,4.400000,0.259723
6671,4.400000,0.259723
6672,4.400000,0.265579
6673,4.400000,0.265579
6674,4.400000,0.265579
6675,4.400000,0.265579
6676,4.400000,0.265579
6677,4.400000,0.270275
6678,4.400000,0.270275
6679,4.400000,0.270275
6680,4.400000,0.270275
6682,4.400000,0.273843
6683,4.400000,0.273843
6684,4.400000,0.273843
6685,4.400000,0.273843
6686,4.400000,0.273843
6687,4.400000,0.273843
6688,4.400000,0.276295
6689,4.400000,0.276295
6690,4.400000,0.276295
6691,4.400000,0.276295
6692,4.400000,0.277602
6693,4.400000,0.277602
6694,4.400000,0.277602
6695,4.400000,0.277602
6696,4.400000,0.277602
6697,4.400000,0.277767
6698,4.400000,0.277767
6699,4.400000,0.277767
6700,4.400000,0.277767
6702,4.400000,0.276819
6703,4.400000,0.276819
6704,4.400000,0.276819
6705,4.400000,0.276819
6706,4.400000,0.276819
6707,4.400000,0.276819
6708,4.400000,0.274812
6709,4.400000,0.274812
6710,4.400000,0.274812
6711,4.400000,0.274812
6712,4.400000,0.271780
6713,4.400000,0.271780
6714,4.400000,0.271780
6715,4.400000,0.271780
6716,4.400000,0.271780
6717,4.400000,0.267718
6718,4.400000,0.267718
6719,4.400000,0.267718
6720,4.400000,0.267718
6722,4.400000,0.262641
6723,4.400000,0.262641
6724,4.400000,0.262641
6725,4.400000,0.262641
6726,4.400000,0.262641
6727,4.400000,0.262641
6728,4.400000,0.256567
6729,4.400000,0.256567
6730,4.400000,0.256567
6731,4.400000,0.256567
6732,4.400000,0.249508
6733,4.400000,0.249508
6734,4.400000,0.249508
6735,4.400000,0.249508
6736,4.400000,0.249508
6737,4.400000,0.241482
6738,4.400000,0.241482
6739,4.400000,0.241482
6740,4.400000,0.241482
6742,4.400000,0.232512
6743,4.400000,0.232512
6744,4.400000,0.232512
6745,4.400000,0.232512
6746,4.400000,0.232512
6747,4.400000,0.222625
6748,4.400000,0.222625
6749,4.400000,0.222625
6750,4.400000,0.222625
6751,4.400000,0.222625
6752,4.400000,0.222625
6753,4.400000,0.211823
6754,4.400000,0.211823
6755,4.400000,0.211823
6756,4.400000,0.211823
6757,4.400000,0.200115
6758,4.400000,0.200115
6759,4.400000,0.200115
6760,4.400000,0.200115
6762,4.400000,0.187486
6763,4.400000,0.187486
6764,4.400000,0.187486
6765,4.400000,0.187486
6766,4.400000,0.187486
6767,4.400000,0.187486
6768,4.400000,0.173958
6769,4.400000,0.173958
6770,4.400000,0.173958
6771,4.400000,0.173958
6772,4.400000,0.159527
6773,4.400000,0.159527
6774,4.400000,0.159527
6775,4.400000,0.159527
6776,4.400000,0.159527
6777,4.400000,0.144192
6778,4.400000,0.144192
6779,4.400000,0.144192
6780,4.400000,0.144192
6782,4.400000,0.127937
6783,4.400000,0.127937
6784,4.400000,0.127937
6785,4.400000,0.127937
6786,4.400000,0.127937
6787,4.400000,0.127937
6788,4.400000,0.110780
6789,4.400000,0.110780
6790,4.400000,0.110780
6791,4.400000,0.110780
6792,4.400000,0.092727
6793,4.400000,0.092727
6794,4.400000,0.092727
6795,4.400000,0.092727
6796,4.400000,0.092727
6797,4.400000,0.073763
6798,4.400000,0.073763
6799,4.400000,0.073763
6800,4.400000,0.073763
6802,4.400000,0.053881
6803,4.400000,0.053881
6804,4.400000,0.053881
6805,4.400000,0.053881
6806,4.400000,0.053881
6807,4.400000,0.053881
6808,4.400000,0.033101
6809,4.400000,0.033101
6810,4.400000,0.033101
6811,4.400000,0.033101
6812,4.400000,0.011491
6813,4.400000,0.011491
6814,4.400000,0.011491
6815,4.400000,0.011491
6816,4.400000,0.011491
6817,4.400000,-0.010658
6818,4.400000,-0.010658
6819,4.400000,-0.010658
6820,4.400000,-0.010658
6822,4.400000,-0.032894
6823,4.400000,-0.032894
6824,4.400000,-0.032894
6825,4.400000,-0.032894
6826,4.400000,-0.032894
6827,4.400000,-0.032894
6828,4.400000,-0.054747
6829,4.400000,-0.054747
6830,4.400000,-0.054747
6831,4.400000,-0.054747
6832,4.400000,-0.075979
6833,4.400000,-0.075979
6834,4.400000,-0.075979
6835,4.400000,-0.075979
6836,4.400000,-0.075979
6837,4.400000,-0.096426
6838,4.400000,-0.096426
6839,4.400000,-0.096426
6840,4.400000,-0.096426
6842,4.400000,-0.116084
6843,4.400000,-0.116084
6844,4.400000,-0.116084
6845,4.400000,-0.116084
6846,4.400000,-0.116084
6847,4.400000,-0.116084
6848,4.400000,-0.135046
6849,4.400000,-0.135046
6850,4.400000,-0.135046
6851,4.400000,-0.135046
6852,4.400000,-0.153465
6853,4.400000,-0.153465
6854,4.400000,-0.153465
6855,4.400000,-0.153465
6856,4.400000,-0.153465
6857,4.400000,-0.171513
6858,4.400000,-0.171513
6859,4.400000,-0.171513
6860,4.400000,-0.171513
6862,4.400000,-0.189367
6863,4.400000,-0.189367
6864,4.400000,-0.189367
6865,4.400000,-0.189367
6866,4.400000,-0.189367
6867,4.400000,-0.189367
6868,4.400000,-0.207203
6869,4.400000,-0.207203
6870,4.400000,-0.207203
6871,4.400000,-0.207203
6872,4.400000,-0.225179
6873,4.400000,-0.225179
6874,4.400000,-0.225179
6875,4.400000,-0.225179
6876,4.400000,-0.225179
6877,4.400000,-0.243407
6878,4.400000,-0.243407
6879,4.400000,-0.243407
6880,4.400000,-0.243407
6882,4.400000,-0.261943
6883,4.400000,-0.261943
6884,4.400000,-0.261943
6885,4.400000,-0.261943
6886,4.400000,-0.261943
6887,4.400000,-0.261943
6888,4.400000,-0.280793
6889,4.400000,-0.280793
6890,4.400000,-0.280793
6891,4.400000,-0.280793
6892,4.400000,-0.299935
6893,4.400000,-0.299935
6894,4.400000,-0.299935
6895,4.400000,-0.299935
6896,4.400000,-0.299935
6897,4.400000,-0.319315
6898,4.400000,-0.319315
6899,4.400000,-0.319315
6900,-4.400000,-0.319315
6902,-4.400000,-0.338852
6903,-4.400000,-0.338852
6904,-4.400000,-0.338852
6905,-4.400000,-0.338852
6906,-4.400000,-0.338852
6907,-4.400000,-0.338852
6908,-4.400000,-0.358462
6909,-4.400000,-0.358462
6910,-4.400000,-0.358462
6911,-4.400000,-0.358462
6912,-4.400000,-0.378062
6913,-4.400000,-0.378062
6914,-4.400000,-0.378062
6915,-4.400000,-0.378062
6916,-4.400000,-0.378062
6917,-4.400000,-0.397452
6918,-4.400000,-0.397452
6919,-4.400000,-0.397452
6920,-4.400000,-0.397452
6922,-4.400000,-0.416023
6923,-4.400000,-0.416023
6924,-4.400000,-0.416023
6925,-4.400000,-0.416023
6926,-4.400000,-0.416023
6927,-4.400000,-0.416023
6928,-4.400000,-0.433360
6929,-4.400000,-0.433360
6930,-4.400000,-0.433360
6931,-4.400000,-0.433360
6932,-4.400000,-0.449441
6933,-4.400000,-0.449441
6934,-4.400000,-0.449441
6935,-4.400000,-0.449441
6936,-4.400000,-0.449441
6937,-4.400000,-0.464404
6938,-4.400000,-0.464404
6939,-4.400000,-0.464404
6940,-4.400000,-0.464404
6942,-4.400000,-0.478279
6943,-4.400000,-0.478279
6944,-4.400000,-0.478279
6945,-4.400000,-0.478279
6946,-4.400000,-0.478279
6947,-4.400000,-0.478279
6948,-4.400000,-0.491068
6949,-4.400000,-0.491068
6950,-4.400000,-0.491068
6951,-4.400000,-0.491068
6952,-4.400000,-0.502763
6953,-4.400000,-0.502763
6954,-4.400000,-0.502763
6955,-4.400000,-0.502763
6956,-4.400000,-0.502763
6957,-4.400000,-0.513370
6958,-4.400000,-0.513370
6959,-4.400000,-0.513370
6960,-4.400000,-0.513370
6962,-4.400000,-0.522903
6963,-4.400000,-0.522903
6964,-4.400000,-0.522903
6965,-4.400000,-0.522903
6966,-4.400000,-0.522903
6967,-4.400000,-0.522903
6968,-4.400000,-0.531371
6969,-4.400000,-0.531371
6970,-4.400000,-0.531371
6971,-4.400000,-0.531371
6972,-4.400000,-0.538769
6973,-4.400000,-0.538769
6974,-4.400000,-0.538769
6975,-4.400000,-0.538769
6976,-4.400000,-0.538769
6977,-4.400000,-0.545125
6978,-4.400000,-0.545125
6979,-4.400000,-0.545125
6980,-4.400000,-0.545125
6982,-4.400000,-0.550412
6983,-4.400000,-0.550412
6984,-4.400000,-0.550412
6985,-4.400000,-0.550412
6986,-4.400000,-0.550412
6987,-4.400000,-0.550412
6988,-4.400000,-0.554612
6989,-4.400000,-0.554612
6990,-4.400000,-0.554612
6991,-4.400000,-0.554612
6992,-4.400000,-0.557712
6993,-4.400000,-0.557712
6994,-4.400000,-0.557712
6995,-4.400000,-0.557712
6996,-4.400000,-0.557712
6997,-4.400000,-0.559703
6998,-4.400000,-0.559703
6999,-4.400000,-0.559703
7000,-4.400000,-0.559703
7002,-4.400000,-0.560592
7003,-4.400000,-0.560592
7004,-4.400000,-0.560592
7005,-4.400000,-0.560592
7006,-4.400000,-0.560592
7007,-4.400000,-0.560592
7008,-4.400000,-0.560395
7009,-4.400000,-0.560395
7010,-4.400000,-0.560395
7011,-4.400000,-0.560395
7012,-4.400000,-0.559173
7013,-4.400000,-0.559173
7014,-4.400000,-0.559173
7015,-4.400000,-0.559173
7016,-4.400000,-0.559173
7017,-4.400000,-0.556962
7018,-4.400000,-0.556962
7019,-4.400000,-0.556962
7020,-4.400000,-0.556962
7022,-4.400000,-0.553772
7023,-4.400000,-0.553772
7024,-4.400000,-0.553772
7025,-4.400000,-0.553772
7026,-4.400000,-0.553772
7027,-4.400000,-0.553772
7028,-4.400000,-0.549614
7029,-4.400000,-0.549614
7030,-4.400000,-0.549614
7031,-4.400000,-0.549614
7032,-4.400000,-0.544532
7033,-4.400000,-0.544532
7034,-4.400000,-0.544532
7035,-4.400000,-0.544532
7036,-4.400000,-0.544532
7037,-4.400000,-0.538558
7038,-4.400000,-0.538558
7039,-4.400000,-0.538558
7040,-4.400000,-0.538558
7042,-4.400000,-0.538558
7043,-4.400000,-0.531699
7044,-4.400000,-0.531699
7045,-4.400000,-0.531699
7046,-4.400000,-0.531699
7047,-4.400000,-0.531699
7048,-4.400000,-0.523973
7049,-4.400000,-0.523973
7050,-4.400000,-0.523973
7051,-4.400000,-0.523973
7052,-4.400000,-0.515384
7053,-4.400000,-0.515384
7054,-4.400000,-0.515384
7055,-4.400000,-0.515384
7056,-4.400000,-0.515384
7057,-4.400000,-0.505951
7058,-4.400000,-0.505951
7059,-4.400000,-0.505951
7060,-4.400000,-0.505951
7062,-4.400000,-0.505951
7063,-4.400000,-0.495674
7064,-4.400000,-0.495674
7065,-4.400000,-0.495674
7066,-4.400000,-0.495674
7067,-4.400000,-0.495674
7068,-4.400000,-0.484554
7069,-4.400000,-0.484554
7070,-4.400000,-0.484554
7071,-4.400000,-0.484554
7072,-4.400000,-0.472581
7073,-4.400000,-0.472581
7074,-4.400000,-0.472581
7075,-4.400000,-0.472581
7076,-4.400000,-0.472581
7077,-4.400000,-0.459763
7078,-4.400000,-0.459763
7079,-4.400000,-0.459763
7080,-4.400000,-0.459763
7082,-4.400000,-0.446089
7083,-4.400000,-0.446089
7084,-4.400000,-0.446089
7085,-4.400000,-0.446089
7086,-4.400000,-0.446089
7087,-4.400000,-0.446089
7088,-4.400000,-0.431557
7089,-4.400000,-0.431557
7090,-4.400000,-0.431557
7091,-4.400000,-0.431557
7092,-4.400000,-0.416180
7093,-4.400000,-0.416180
7094,-4.400000,-0.416180
7095,-4.400000,-0.416180
7096,-4.400000,-0.416180
7097,-4.400000,-0.399941
7098,-4.400000,-0.399941
7099,-4.400000,-0.399941
7100,-4.400000,-0.399941
7102,-4.400000,-0.382842
7103,-4.400000,-0.382842
7104,-4.400000,-0.382842
7105,-4.400000,-0.382842
7106,-4.400000,-0.382842
7107,-4.400000,-0.382842
7108,-4.400000,-0.364881
7109,-4.400000,-0.364881
7110,-4.400000,-0.364881
7111,-4.400000,-0.364881
7112,-4.400000,-0.346080
7113,-4.400000,-0.346080
7114,-4.400000,-0.346080
7115,-4.400000,-0.346080
7116,-4.400000,-0.346080
7117,-4.400000,-0.326466
7118,-4.400000,-0.326466
7119,-4.400000,-0.326466
7121,-4.400000,-0.326466
7122,-4.400000,-0.306029
7123,-4.400000,-0.306029
7124,-4.400000,-0.306029
7125,-4.400000,-0.306029
7126,-4.400000,-0.306029
7127,-4.400000,-0.306029
7128,-4.400000,-0.284840
7129,-4.400000,-0.284840
7130,-4.400000,-0.284840
7131,-4.400000,-0.284840
7132,-4.400000,-0.263126
7133,-4.400000,-0.263126
7134,-4.400000,-0.263126
7135,-4.400000,-0.263126
7136,-4.400000,-0.263126
7137,-4.400000,-0.241333
7138,-4.400000,-0.241333
7139,-4.400000,-0.241333
7141,-4.400000,-0.241333
7142,-4.400000,-0.219837
7143,-4.400000,-0.219837
7144,-4.400000,-0.219837
7145,-4.400000,-0.219837
7146,-4.400000,-0.219837
7147,-4.400000,-0.219837
7148,-4.400000,-0.198948
7149,-4.400000,-0.198948
7150,-4.400000,-0.198948
7151,-4.400000,-0.198948
7152,-4.400000,-0.178781
7153,-4.400000,-0.178781
7154,-4.400000,-0.178781
7155,-4.400000,-0.178781
7156,-4.400000,-0.178781
7157,-4.400000,-0.159308
7158,-4.400000,-0.159308
7159,-4.400000,-0.159308
7161,-4.400000,-0.159308
7162,-4.400000,-0.159308
7163,-4.400000,-0.140570
7164,-4.400000,-0.140570
7165,-4.400000,-0.140570
7166,-4.400000,-0.140570
7167,-4.400000,-0.140570
7168,-4.400000,-0.122350
7169,-4.400000,-0.122350
7170,-4.400000,-0.122350
7171,-4.400000,-0.122350
7172,-4.400000,-0.104529
7173,-4.400000,-0.104529
7174,-4.400000,-0.104529
7175,-4.400000,-0.104529
7176,-4.400000,-0.104529
7177,-4.400000,-0.086921
7178,-4.400000,-0.086921
7179,-4.400000,-0.086921
7181,-4.400000,-0.086921
7182,-4.400000,-0.069386
7183,-4.400000,-0.069386
7184,-4.400000,-0.069386
7185,-4.400000,-0.069386
7186,-4.400000,-0.069386
7187,-4.400000,-0.069386
7188,-4.400000,-0.051783
7189,-4.400000,-0.051783
7190,-4.400000,-0.051783
7191,-4.400000,-0.051783
7192,-4.400000,-0.034009
7193,-4.400000,-0.034009
7194,-4.400000,-0.034009
7195,-4.400000,-0.034009
7196,-4.400000,-0.034009
7197,-4.400000,-0.015975
7198,-4.400000,-0.015975
7199,-4.400000,-0.015975
7201,4.400000,-0.015975
7202,4.400000,0.002340
7203,4.400000,0.002340
7204,4.400000,0.002340
7205,4.400000,0.002340
7206,4.400000,0.002340
7207,4.400000,0.002340
7208,4.400000,0.020919
7209,4.400000,0.020919
7210,4.400000,0.020919
7211,4.400000,0.020919
7212,4.400000,0.039703
7213,4.400000,0.039703
7214,4.400000,0.039703
7215,4.400000,0.039703
7216,4.400000,0.039703
7217,4.400000,0.058499
7218,4.400000,0.058499
7219,4.400000,0.058499
7221,4.400000,0.058499
7222,4.400000,0.058499
7223,4.400000,0.076575
7224,4.400000,0.076575
7225,4.400000,0.076575
7226,4.400000,0.076575
7227,4.400000,0.076575
7228,4.400000,0.093348
7229,4.400000,0.093348
7230,4.400000,0.093348
7231,4.400000,0.093348
7232,4.400000,0.108719
7233,4.400000,0.108719
7234,4.400000,0.108719
7235,4.400000,0.108719
7236,4.400000,0.108719
7237,4.400000,0.122777
7238,4.400000,0.122777
7239,4.400000,0.122777
7241,4.400000,0.122777
7242,4.400000,0.122777
7243,4.400000,0.135634
7244,4.400000,0.135634
7245,4.400000,0.135634
7246,4.400000,0.135634
7247,4.400000,0.135634
7248,4.400000,0.147270
7249,4.400000,0.147270
7250,4.400000,0.147270
7251,4.400000,0.147270
7252,4.400000,0.157698
7253,4.400000,0.157698
7254,4.400000,0.157698
7255,4.400000,0.157698
7256,4.400000,0.157698
7257,4.400000,0.166905
7258,4.400000,0.166905
7259,4.400000,0.166905
7261,4.400000,0.166905
7262,4.400000,0.166905
7263,4.400000,0.174872
7264,4.400000,0.174872
7265,4.400000,0.174872
7266,4.400000,0.174872
7267,4.400000,0.174872
7268,4.400000,0.181633
7269,4.400000,0.181633
7270,4.400000,0.181633
7271,4.400000,0.181633
7272,4.400000,0.187208
7273,4.400000,0.187208
7274,4.400000,0.187208
7275,4.400000,0.187208
7276,4.400000,0.187208
7277,4.400000,0.191635
7278,4.400000,0.191635
7279,4.400000,0.191635
7281,4.400000,0.191635
7282,4.400000,0.194933
7283,4.400000,0.194933
7284,4.400000,0.194933
7285,4.400000,0.194933
7286,4.400000,0.194933
7287,4.400000,0.194933
7288,4.400000,0.197122
7289,4.400000,0.197122
7290,4.400000,0.197122
7291,4.400000,0.197122
7292,4.400000,0.198199
7293,4.400000,0.198199
7294,4.400000,0.198199
7295,4.400000,0.198199
7296,4.400000,0.198199
7297,4.400000,0.198199
7298,4.400000,0.198167
7299,4.400000,0.198167
7301,4.400000,0.198167
7302,4.400000,0.197075
7303,4.400000,0.197075
7304,4.400000,0.197075
7305,4.400000,0.197075
7306,4.400000,0.197075
7307,4.400000,0.197075
7308,4.400000,0.194958
7309,4.400000,0.194958
7310,4.400000,0.194958
7311,4.400000,0.194958
7312,4.400000,0.191821
7313,4.400000,0.191821
7314,4.400000,0.191821
7315,4.400000,0.191821
7316,4.400000,0.191821
7317,4.400000,0.187666
7318,4.400000,0.187666
7319,4.400000,0.187666
7321,4.400000,0.187666
7322,4.400000,0.187666
7323,4.400000,0.182513
7324,4.400000,0.182513
7325,4.400000,0.182513
7326,4.400000,0.182513
7327,4.400000,0.182513
7328,4.400000,0.176303
7329,4.400000,0.176303
7330,4.400000,0.176303
7331,4.400000,0.176303
7332,4.400000,0.169129
7333,4.400000,0.169129
7334,4.400000,0.169129
7335,4.400000,0.169129
7336,4.400000,0.169129
7337,4.400000,0.169129
7338,4.400000,0.160998
7339,4.400000,0.160998
7341,4.400000,0.160998
7342,4.400000,0.160998
7343,4.400000,0.151919
7344,4.400000,0.151919
7345,4.400000,0.151919
7346,4.400000,0.151919
7347,4.400000,0.151919
7348,4.400000,0.141903
7349,4.400000,0.141903
7350,4.400000,0.141903
7351,4.400000,0.141903
7352,4.400000,0.130901
7353,4.400000,0.130901
7354,4.400000,0.130901
7355,4.400000,0.130901
7356,4.400000,0.130901
7357,4.400000,0.130901
7358,4.400000,0.118985
7359,4.400000,0.118985
7361,4.400000,0.118985
7362,4.400000,0.106153
7363,4.400000,0.106153
7364,4.400000,0.106153
7365,4.400000,0.106153
7366,4.400000,0.106153
7367,4.400000,0.106153
7368,4.400000,0.092432
7369,4.400000,0.092432
7370,4.400000,0.092432
7371,4.400000,0.092432
7372,4.400000,0.077810
7373,4.400000,0.077810
7374,4.400000,0.077810
7375,4.400000,0.077810
7376,4.400000,0.077810
7377,4.400000,0.062274
7378,4.400000,0.062274
7379,4.400000,0.062274
7381,4.400000,0.062274
7382,4.400000,0.045810
7383,4.400000,0.045810
7384,4.400000,0.045810
7385,4.400000,0.045810
7386,4.400000,0.045810
7387,4.400000,0.045810
7388,4.400000,0.028431
7389,4.400000,0.028431
7390,4.400000,0.028431
7391,4.400000,0.028431
7392,4.400000,0.010139
7393,4.400000,0.010139
7394,4.400000,0.010139
7395,4.400000,0.010139
7396,4.400000,0.010139
7397,4.400000,0.010139
7398,4.400000,-0.009051
7399,4.400000,-0.009051
7401,4.400000,-0.009051
7402,4.400000,-0.009051
7403,4.400000,-0.029144
7404,4.400000,-0.029144
7405,4.400000,-0.029144
7406,4.400000,-0.029144
7407,4.400000,-0.029144
7408,4.400000,-0.050137
7409,4.400000,-0.050137
7410,4.400000,-0.050137
7411,4.400000,-0.050137
7412,4.400000,-0.071906
7413,4.400000,-0.071906
7414,4.400000,-0.071906
7415,4.400000,-0.071906
7416,4.400000,-0.071906
7417,4.400000,-0.071906
7418,4.400000,-0.094096
7419,4.400000,-0.094096
7421,4.400000,-0.094096
7422,4.400000,-0.116262
7423,4.400000,-0.116262
7424,4.400000,-0.116262
7425,4.400000,-0.116262
7426,4.400000,-0.116262
7427,4.400000,-0.116262
7428,4.400000,-0.137980
7429,4.400000,-0.137980
7430,4.400000,-0.137980
7431,4.400000,-0.137980
7432,4.400000,-0.159030
7433,4.400000,-0.159030
7434,4.400000,-0.159030
7435,4.400000,-0.159030
7436,4.400000,-0.159030
7437,4.400000,-0.159030
7438,4.400000,-0.179295
7439,4.400000,-0.179295
7441,4.400000,-0.179295
7442,4.400000,-0.179295
7443,4.400000,-0.198814
7444,4.400000,-0.198814
7445,4.400000,-0.198814
7446,4.400000,-0.198814
7447,4.400000,-0.198814
7448,4.400000,-0.217716
7449,4.400000,-0.217716
7450,4.400000,-0.217716
7451,4.400000,-0.217716
7452,4.400000,-0.236127
7453,4.400000,-0.236127
7454,4.400000,-0.236127
7455,4.400000,-0.236127
7456,4.400000,-0.236127
7457,4.400000,-0.236127
7458,4.400000,-0.254188
7460,4.400000,-0.254188
7461,4.400000,-0.254188
7462,4.400000,-0.254188
7463,4.400000,-0.272052
7464,4.400000,-0.272052
7465,4.400000,-0.272052
7466,4.400000,-0.272052
7467,4.400000,-0.272052
7468,4.400000,-0.289904
7469,4.400000,-0.289904
7470,4.400000,-0.289904
7471,4.400000,-0.289904
7472,4.400000,-0.307906
7473,4.400000,-0.307906
7474,4.400000,-0.307906
7475,4.400000,-0.307906
7476,4.400000,-0.307906
7477,4.400000,-0.307906
7478,4.400000,-0.326164
7480,4.400000,-0.326164
7481,4.400000,-0.326164
7482,4.400000,-0.326164
7483,4.400000,-0.344740
7484,4.400000,-0.344740
7485,4.400000,-0.344740
7486,4.400000,-0.344740
7487,4.400000,-0.344740
7488,4.400000,-0.363657
7489,4.400000,-0.363657
7490,4.400000,-0.363657
7491,4.400000,-0.363657
7492,4.400000,-0.382882
7493,4.400000,-0.382882
7494,4.400000,-0.382882
7495,4.400000,-0.382882
7496,4.400000,-0.382882
7497,4.400000,-0.382882
7498,4.400000,-0.402361
7500,-4.400000,-0.402361
7501,-4.400000,-0.402361
7502,-4.400000,-0.402361
7503,-4.400000,-0.422004
7504,-4.400000,-0.422004
7505,-4.400000,-0.422004
7506,-4.400000,-0.422004
7507,-4.400000,-0.422004
7508,-4.400000,-0.441704
7509,-4.400000,-0.441704
7510,-4.400000,-0.441704
7511,-4.400000,-0.441704
7512,-4.400000,-0.461385
7513,-4.400000,-0.461385
7514,-4.400000,-0.461385
7515,-4.400000,-0.461385
7516,-4.400000,-0.461385
7517,-4.400000,-0.461385
7518,-4.400000,-0.480788
7520,-4.400000,-0.480788
7521,-4.400000,-0.480788
7522,-4.400000,-0.480788
7523,-4.400000,-0.499320
7524,-4.400000,-0.499320
7525,-4.400000,-0.499320
7526,-4.400000,-0.499320
7527,-4.400000,-0.499320
7528,-4.400000,-0.516653
7529,-4.400000,-0.516653
7530,-4.400000,-0.516653
7531,-4.400000,-0.516653
7532,-4.400000,-0.532774
7533,-4.400000,-0.532774
7534,-4.400000,-0.532774
7535,-4.400000,-0.532774
7536,-4.400000,-0.532774
7537,-4.400000,-0.532774
7538,-4.400000,-0.547776
7540,-4.400000,-0.547776
7541,-4.400000,-0.547776
7542,-4.400000,-0.547776
7543,-4.400000,-0.561664
7544,-4.400000,-0.561664
7545,-4.400000,-0.561664
7546,-4.400000,-0.561664
7547,-4.400000,-0.561664
7548,-4.400000,-0.574422
7549,-4.400000,-0.574422
7550,-4.400000,-0.574422
7551,-4.400000,-0.574422
7552,-4.400000,-0.586025
7553,-4.400000,-0.586025
7554,-4.400000,-0.586025
7555,-4.400000,-0.586025
7556,-4.400000,-0.586025
7557,-4.400000,-0.586025
7558,-4.400000,-0.596458
7560,-4.400000,-0.596458
7561,-4.400000,-0.596458
7562,-4.400000,-0.596458
7563,-4.400000,-0.605703
7564,-4.400000,-0.605703
7565,-4.400000,-0.605703
7566,-4.400000,-0.605703
7567,-4.400000,-0.605703
7568,-4.400000,-0.613782
7569,-4.400000,-0.613782
7570,-4.400000,-0.613782
7571,-4.400000,-0.613782
7572,-4.400000,-0.620701
7573,-4.400000,-0.620701
7574,-4.400000,-0.620701
7575,-4.400000,-0.620701
7576,-4.400000,-0.620701
7577,-4.400000,-0.620701
7578,-4.400000,-0.626480
7580,-4.400000,-0.626480
7581,-4.400000,-0.626480
7582,-4.400000,-0.626480
7583,-4.400000,-0.631105
7584,-4.400000,-0.631105
7585,-4.400000,-0.631105
7586,-4.400000,-0.631105
7587,-4.400000,-0.631105
7588,-4.400000,-0.634578
7589,-4.400000,-0.634578
7590,-4.400000,-0.634578
7591,-4.400000,-0.634578
7592,-4.400000,-0.636884
7593,-4.400000,-0.636884
7594,-4.400000,-0.636884
7595,-4.400000,-0.636884
7596,-4.400000,-0.636884
7597,-4.400000,-0.636884
7598,-4.400000,-0.638016
7600,-4.400000,-0.638016
7601,-4.400000,-0.638016
7602,-4.400000,-0.638016
7603,-4.400000,-0.637989
7604,-4.400000,-0.637989
7605,-4.400000,-0.637989
7606,-4.400000,-0.637989
7607,-4.400000,-0.637989
7608,-4.400000,-0.636870
7609,-4.400000,-0.636870
7610,-4.400000,-0.636870
7611,-4.400000,-0.636870
7612,-4.400000,-0.636870
7613,-4.400000,-0.634735
7614,-4.400000,-0.634735
7615,-4.400000,-0.634735
7616,-4.400000,-0.634735
7617,-4.400000,-0.634735
7618,-4.400000,-0.631598
7620,-4.400000,-0.631598
7621,-4.400000,-0.631598
7622,-4.400000,-0.631598
7623,-4.400000,-0.627463
7624,-4.400000,-0.627463
7625,-4.400000,-0.627463
7626,-4.400000,-0.627463
7627,-4.400000,-0.627463
7628,-4.400000,-0.622392
7629,-4.400000,-0.622392
7630,-4.400000,-0.622392
7631,-4.400000,-0.622392
7632,-4.400000,-0.616344
7633,-4.400000,-0.616344
7634,-4.400000,-0.616344
7635,-4.400000,-0.616344
7636,-4.400000,-0.616344
7637,-4.400000,-0.616344
7638,-4.400000,-0.609345
7640,-4.400000,-0.609345
7641,-4.400000,-0.609345
7642,-4.400000,-0.609345
7643,-4.400000,-0.601460
7644,-4.400000,-0.601460
7645,-4.400000,-0.601460
7646,-4.400000,-0.601460
7647,-4.400000,-0.601460
7648,-4.400000,-0.592660
7649,-4.400000,-0.592660
7650,-4.400000,-0.592660
7651,-4.400000,-0.592660
7652,-4.400000,-0.582955
7653,-4.400000,-0.582955
7654,-4.400000,-0.582955
7655,-4.400000,-0.582955
7656,-4.400000,-0.582955
7657,-4.400000,-0.582955
7658,-4.400000,-0.572374
7660,-4.400000,-0.572374
7661,-4.400000,-0.572374
7662,-4.400000,-0.572374
7663,-4.400000,-0.560922
7664,-4.400000,-0.560922
7665,-4.400000,-0.560922
7666,-4.400000,-0.560922
7667,-4.400000,-0.560922
7668,-4.400000,-0.548630
7669,-4.400000,-0.548630
7670,-4.400000,-0.548630
7671,-4.400000,-0.548630
7672,-4.400000,-0.535508
7673,-4.400000,-0.535508
7674,-4.400000,-0.535508
7675,-4.400000,-0.535508
7676,-4.400000,-0.535508
7677,-4.400000,-0.535508
7678,-4.400000,-0.521587
7680,-4.400000,-0.521587
7681,-4.400000,-0.521587
7682,-4.400000,-0.521587
7683,-4.400000,-0.506854
7684,-4.400000,-0.506854
7685,-4.400000,-0.506854
7686,-4.400000,-0.506854
7687,-4.400000,-0.506854
7688,-4.400000,-0.491303
7689,-4.400000,-0.491303
7690,-4.400000,-0.491303
7691,-4.400000,-0.491303
7692,-4.400000,-0.474925
7693,-4.400000,-0.474925
7694,-4.400000,-0.474925
7695,-4.400000,-0.474925
7696,-4.400000,-0.474925
7697,-4.400000,-0.474925
7698,-4.400000,-0.457721
7700,-4.400000,-0.457721
7701,-4.400000,-0.457721
7702,-4.400000,-0.457721
7703,-4.400000,-0.439704
7704,-4.400000,-0.439704
7705,-4.400000,-0.439704
7706,-4.400000,-0.439704
7707,-4.400000,-0.439704
7708,-4.400000,-0.420879
7709,-4.400000,-0.420879
7710,-4.400000,-0.420879
7711,-4.400000,-0.420879
7712,-4.400000,-0.401235
7713,-4.400000,-0.401235
7714,-4.400000,-0.401235
7715,-4.400000,-0.401235
7716,-4.400000,-0.401235
7717,-4.400000,-0.401235
7718,-4.400000,-0.380771
7720,-4.400000,-0.380771
7721,-4.400000,-0.380771
7722,-4.400000,-0.380771
7723,-4.400000,-0.359513
7724,-4.400000,-0.359513
7725,-4.400000,-0.359513
7726,-4.400000,-0.359513
7727,-4.400000,-0.359513
7728,-4.400000,-0.337690
7729,-4.400000,-0.337690
7730,-4.400000,-0.337690
7731,-4.400000,-0.337690
7732,-4.400000,-0.315649
7733,-4.400000,-0.315649
7734,-4.400000,-0.315649
7735,-4.400000,-0.315649
7736,-4.400000,-0.315649
7737,-4.400000,-0.315649
7738,-4.400000,-0.293838
7740,-4.400000,-0.293838
7741,-4.400000,-0.293838
7742,-4.400000,-0.293838
7743,-4.400000,-0.272533
7744,-4.400000,-0.272533
7745,-4.400000,-0.272533
7746,-4.400000,-0.272533
7747,-4.400000,-0.272533
7748,-4.400000,-0.251938
7749,-4.400000,-0.251938
7750,-4.400000,-0.251938
7751,-4.400000,-0.251938
7752,-4.400000,-0.232123
7753,-4.400000,-0.232123
7754,-4.400000,-0.232123
7755,-4.400000,-0.232123
7756,-4.400000,-0.232123
7757,-4.400000,-0.232123
7758,-4.400000,-0.213071
7760,-4.400000,-0.213071
7761,-4.400000,-0.213071
7762,-4.400000,-0.213071
7763,-4.400000,-0.194725
7764,-4.400000,-0.194725
7765,-4.400000,-0.194725
7766,-4.400000,-0.194725
7767,-4.400000,-0.194725
7768,-4.400000,-0.176924
7769,-4.400000,-0.176924
7770,-4.400000,-0.176924
7771,-4.400000,-0.176924
7772,-4.400000,-0.159490
7773,-4.400000,-0.159490
7774,-4.400000,-0.159490
7775,-4.400000,-0.159490
7776,-4.400000,-0.159490
7777,-4.400000,-0.159490
7778,-4.400000,-0.142221
7780,-4.400000,-0.142221
7781,-4.400000,-0.142221
7782,-4.400000,-0.142221
7783,-4.400000,-0.124960
7784,-4.400000,-0.124960
7785,-4.400000,-0.124960
7786,-4.400000,-0.124960
7787,-4.400000,-0.124960
7788,-4.400000,-0.107528
7789,-4.400000,-0.107528
7790,-4.400000,-0.107528
7791,-4.400000,-0.107528
7792,-4.400000,-0.089812
7793,-4.400000,-0.089812
7794,-4.400000,-0.089812
7795,-4.400000,-0.089812
7796,-4.400000,-0.089812
7797,-4.400000,-0.089812
7798,-4.400000,-0.071752
7800,4.400000,-0.071752
7801,4.400000,-0.071752
7802,4.400000,-0.071752
7803,4.400000,-0.053360
7804,4.400000,-0.053360
7805,4.400000,-0.053360
7806,4.400000,-0.053360
7807,4.400000,-0.053360
7808,4.400000,-0.034662
7809,4.400000,-0.034662
7810,4.400000,-0.034662
7811,4.400000,-0.034662
7812,4.400000,-0.015716
7813,4.400000,-0.015716
7814,4.400000,-0.015716
7815,4.400000,-0.015716
7816,4.400000,-0.015716
7817,4.400000,-0.015716
7818,4.400000,0.003195
7820,4.400000,0.003195
7821,4.400000,0.003195
7822,4.400000,0.003195
7823,4.400000,0.021280
7824,4.400000,0.021280
7825,4.400000,0.021280
7826,4.400000,0.021280
7827,4.400000,0.021280
7828,4.400000,0.038058
7829,4.400000,0.038058
7830,4.400000,0.038058
7831,4.400000,0.038058
7832,4.400000,0.053447
7833,4.400000,0.053447
7834,4.400000,0.053447
7835,4.400000,0.053447
7836,4.400000,0.053447
7837,4.400000,0.053447
7838,4.400000,0.067544
7840,4.400000,0.067544
7841,4.400000,0.067544
7842,4.400000,0.067544
7843,4.400000,0.080420
7844,4.400000,0.080420
7845,4.400000,0.080420
7846,4.400000,0.080420
7847,4.400000,0.080420
7848,4.400000,0.092057
7849,4.400000,0.092057
7850,4.400000,0.092057
7851,4.400000,0.092057
7852,4.400000,0.102468
7853,4.400000,0.102468
7854,4.400000,0.102468
7855,4.400000,0.102468
7856,4.400000,0.102468
7857,4.400000,0.102468
7859,4.400000,0.111640
7860,4.400000,0.111640
7861,4.400000,0.111640
7862,4.400000,0.111640
7863,4.400000,0.119584
7864,4.400000,0.119584
7865,4.400000,0.119584
7866,4.400000,0.119584
7867,4.400000,0.119584
7868,4.400000,0.126337
7869,4.400000,0.126337
7870,4.400000,0.126337
7871,4.400000,0.126337
7872,4.400000,0.131926
7873,4.400000,0.131926
7874,4.400000,0.131926
7875,4.400000,0.131926
7876,4.400000,0.131926
7877,4.400000,0.131926
7879,4.400000,0.136379
7880,4.400000,0.136379
7881,4.400000,0.136379
7882,4.400000,0.136379
7883,4.400000,0.139678
7884,4.400000,0.139678
7885,4.400000,0.139678
7886,4.400000,0.139678
7887,4.400000,0.139678
7888,4.400000,0.141827
7889,4.400000,0.141827
7890,4.400000,0.141827
7891,4.400000,0.141827
7892,4.400000,0.142809
7893,4.400000,0.142809
7894,4.400000,0.142809
7895,4.400000,0.142809
7896,4.400000,0.142809
7898,4.400000,0.142809
7899,4.400000,0.142643
7900,4.400000,0.142643
7901,4.400000,0.142643
7902,4.400000,0.142643
7903,4.400000,0.141395
7904,4.400000,0.141395
7905,4.400000,0.141395
7906,4.400000,0.141395
7907,4.400000,0.141395
7908,4.400000,0.139116
7909,4.400000,0.139116
7910,4.400000,0.139116
7911,4.400000,0.139116
7912,4.400000,0.135836
7913,4.400000,0.135836
7914,4.400000,0.135836
7915,4.400000,0.135836
7916,4.400000,0.135836
7918,4.400000,0.135836
7919,4.400000,0.131552
7920,4.400000,0.131552
7921,4.400000,0.131552
7922,4.400000,0.131552
7923,4.400000,0.126261
7924,4.400000,0.126261
7925,4.400000,0.126261
7926,4.400000,0.126261
7927,4.400000,0.126261
7928,4.400000,0.119987
7929,4.400000,0.119987
7930,4.400000,0.119987
7931,4.400000,0.119987
7932,4.400000,0.112761
7933,4.400000,0.112761
7934,4.400000,0.112761
7935,4.400000,0.112761
7936,4.400000,0.112761
7938,4.400000,0.112761
7939,4.400000,0.104591
7940,4.400000,0.104591
7941,4.400000,0.104591
7942,4.400000,0.104591
7943,4.400000,0.095475
7944,4.400000,0.095475
7945,4.400000,0.095475
7946,4.400000,0.095475
7947,4.400000,0.095475
7948,4.400000,0.085422
7949,4.400000,0.085422
7950,4.400000,0.085422
7951,4.400000,0.085422
7952,4.400000,0.074445
7953,4.400000,0.074445
7954,4.400000,0.074445
7955,4.400000,0.074445
7956,4.400000,0.074445
7958,4.400000,0.074445
7959,4.400000,0.062557
7960,4.400000,0.062557
7961,4.400000,0.062557
7962,4.400000,0.062557
7963,4.400000,0.049754
7964,4.400000,0.049754
7965,4.400000,0.049754
7966,4.400000,0.049754
7967,4.400000,0.049754
7968,4.400000,0.036042
7969,4.400000,0.036042
7970,4.400000,0.036042
7971,4.400000,0.036042
7972,4.400000,0.021419
7973,4.400000,0.021419
7974,4.400000,0.021419
7975,4.400000,0.021419
7976,4.400000,0.021419
7978,4.400000,0.021419
7979,4.400000,0.005903
7980,4.400000,0.005903
7981,4.400000,0.005903
7982,4.400000,0.005903
7983,4.400000,-0.010508
7984,4.400000,-0.010508
7985,4.400000,-0.010508
7986,4.400000,-0.010508
7987,4.400000,-0.010508
7988,4.400000,-0.027822
7989,4.400000,-0.027822
7990,4.400000,-0.027822
7991,4.400000,-0.027822
7992,4.400000,-0.046059
7993,4.400000,-0.046059
7994,4.400000,-0.046059
7995,4.400000,-0.046059
7996,4.400000,-0.046059
7998,4.400000,-0.046059
7999,4.400000,-0.065215
8000,4.400000,-0.065215
8001,4.400000,-0.065215
8002,4.400000,-0.065215
8003,4.400000,-0.085283
8004,4.400000,-0.085283
8005,4.400000,-0.085283
8006,4.400000,-0.085283
8007,4.400000,-0.085283
8008,4.400000,-0.106233
8009,4.400000,-0.106233
8010,4.400000,-0.106233
8011,4.400000,-0.106233
8012,4.400000,-0.127974
8013,4.400000,-0.127974
8014,4.400000,-0.127974
8015,4.400000,-0.127974
8017,4.400000,-0.127974
8018,4.400000,-0.127974
8019,4.400000,-0.150214
8020,4.400000,-0.150214
8021,4.400000,-0.150214
8022,4.400000,-0.150214
8023,4.400000,-0.172527
8024,4.400000,-0.172527
8025,4.400000,-0.172527
8026,4.400000,-0.172527
8027,4.400000,-0.172527
8028,4.400000,-0.194456
8029,4.400000,-0.194456
8030,4.400000,-0.194456
8031,4.400000,-0.194456
8032,4.400000,-0.215761
8033,4.400000,-0.215761
8034,4.400000,-0.215761
8035,4.400000,-0.215761
8037,4.400000,-0.215761
8038,4.400000,-0.215761
8039,4.400000,-0.236298
8040,4.400000,-0.236298
8041,4.400000,-0.236298
8042,4.400000,-0.236298
8043,4.400000,-0.256061
8044,4.400000,-0.256061
8045,4.400000,-0.256061
8046,4.400000,-0.256061
8047,4.400000,-0.256061
8048,4.400000,-0.275124
8049,4.400000,-0.275124
8050,4.400000,-0.275124
8051,4.400000,-0.275124
8052,4.400000,-0.293577
8053,4.400000,-0.293577
8054,4.400000,-0.293577
8055,4.400000,-0.293577
8057,4.400000,-0.293577
8058,4.400000,-0.293577
8059,4.400000,-0.311579
8060,4.400000,-0.311579
8061,4.400000,-0.311579
8062,4.400000,-0.311579
8063,4.400000,-0.329310
8064,4.400000,-0.329310
8065,4.400000,-0.329310
8066,4.400000,-0.329310
8067,4.400000,-0.329310
8068,4.400000,-0.346981
8069,4.400000,-0.346981
8070,4.400000,-0.346981
8071,4.400000,-0.346981
8072,4.400000,-0.364766
8073,4.400000,-0.364766
8074,4.400000,-0.364766
8075,4.400000,-0.364766
8076,4.400000,-0.364766
8078,4.400000,-0.364766
8079,4.400000,-0.382801
8080,4.400000,-0.382801
8081,4.400000,-0.382801
8082,4.400000,-0.382801
8083,4.400000,-0.401171
8084,4.400000,-0.401171
8085,4.400000,-0.401171
8086,4.400000,-0.401171
8087,4.400000,-0.401171
8088,4.400000,-0.419910
8089,4.400000,-0.419910
8090,4.400000,-0.419910
8091,4.400000,-0.419910
8092,4.400000,-0.438996
8093,4.400000,-0.438996
8094,4.400000,-0.438996
8095,4.400000,-0.438996
8096,4.400000,-0.438996
8098,4.400000,-0.438996
8099,4.400000,-0.458375
8100,-4.400000,-0.458375
8101,-4.400000,-0.458375
8102,-4.400000,-0.458375
8103,-4.400000,-0.477963
8104,-4.400000,-0.477963
8105,-4.400000,-0.477963
8106,-4.400000,-0.477963
8107,-4.400000,-0.477963
8108,-4.400000,-0.497642
8109,-4.400000,-0.497642
8110,-4.400000,-0.497642
8111,-4.400000,-0.497642
8112,-4.400000,-0.517308
8113,-4.400000,-0.517308
8114,-4.400000,-0.517308
8115,-4.400000,-0.517308
8116,-4.400000,-0.517308
8118,-4.400000,-0.517308
8119,-4.400000,-0.536692
8120,-4.400000,-0.536692
8121,-4.400000,-0.536692
8122,-4.400000,-0.536692
8123,-4.400000,-0.555178
8124,-4.400000,-0.555178
8125,-4.400000,-0.555178
8126,-4.400000,-0.555178
8127,-4.400000,-0.555178
8128,-4.400000,-0.572418
8129,-4.400000,-0.572418
8130,-4.400000,-0.572418
8131,-4.400000,-0.572418
8132,-4.400000,-0.588378
8133,-4.400000,-0.588378
8134,-4.400000,-0.588378
8135,-4.400000,-0.588378
8137,-4.400000,-0.588378
8138,-4.400000,-0.588378
8139,-4.400000,-0.603137
8140,-4.400000,-0.603137
8141,-4.400000,-0.603137
8142,-4.400000,-0.603137
8143,-4.400000,-0.616711
8144,-4.400000,-0.616711
8145,-4.400000,-0.616711
8146,-4.400000,-0.616711
8147,-4.400000,-0.616711
8148,-4.400000,-0.629091
8149,-4.400000,-0.629091
8150,-4.400000,-0.629091
8151,-4.400000,-0.629091
8152,-4.400000,-0.640254
8153,-4.400000,-0.640254
8154,-4.400000,-0.640254
8155,-4.400000,-0.640254
8157,-4.400000,-0.640254
8158,-4.400000,-0.640254
8159,-4.400000,-0.650222
8160,-4.400000,-0.650222
8161,-4.400000,-0.650222
8162,-4.400000,-0.650222
8163,-4.400000,-0.659013
8164,-4.400000,-0.659013
8165,-4.400000,-0.659013
8166,-4.400000,-0.659013
8167,-4.400000,-0.659013
8168,-4.400000,-0.666667
8169,-4.400000,-0.666667
8170,-4.400000,-0.666667
8171,-4.400000,-0.666667
8172,-4.400000,-0.673173
8173,-4.400000,-0.673173
8174,-4.400000,-0.673173
8176,-4.400000,-0.673173
8177,-4.400000,-0.673173
8178,-4.400000,-0.673173
8179,-4.400000,-0.678553
8180,-4.400000,-0.678553
8181,-4.400000,-0.678553
8182,-4.400000,-0.678553
8183,-4.400000,-0.682789
8184,-4.400000,-0.682789
8185,-4.400000,-0.682789
8186,-4.400000,-0.682789
8187,-4.400000,-0.682789
8188,-4.400000,-0.685863
8189,-4.400000,-0.685863
8190,-4.400000,-0.685863
8191,-4.400000,-0.685863
8192,-4.400000,-0.687760
8193,-4.400000,-0.687760
8194,-4.400000,-0.687760
8196,-4.400000,-0.687760
8197,-4.400000,-0.687760
8198,-4.400000,-0.687760
8199,-4.400000,-0.688475
8200,-4.400000,-0.688475
8201,-4.400000,-0.688475
8202,-4.400000,-0.688475
8203,-4.400000,-0.688069
8204,-4.400000,-0.688069
8205,-4.400000,-0.688069
8206,-4.400000,-0.688069
8207,-4.400000,-0.688069
8208,-4.400000,-0.686641
8209,-4.400000,-0.686641
8210,-4.400000,-0.686641
8211,-4.400000,-0.686641
8212,-4.400000,-0.684234
8213,-4.400000,-0.684234
8214,-4.400000,-0.684234
8216,-4.400000,-0.684234
8217,-4.400000,-0.684234
8218,-4.400000,-0.684234
8219,-4.400000,-0.680845
8220,-4.400000,-0.680845
8221,-4.400000,-0.680845
8222,-4.400000,-0.680845
8223,-4.400000,-0.676494
8224,-4.400000,-0.676494
8225,-4.400000,-0.676494
8226,-4.400000,-0.676494
8227,-4.400000,-0.676494
8228,-4.400000,-0.671189
8229,-4.400000,-0.671189
8230,-4.400000,-0.671189
8231,-4.400000,-0.671189
8232,-4.400000,-0.664936
8233,-4.400000,-0.664936
8234,-4.400000,-0.664936
8236,-4.400000,-0.664936
8237,-4.400000,-0.664936
8238,-4.400000,-0.664936
8239,-4.400000,-0.657757
8240,-4.400000,-0.657757
8241,-4.400000,-0.657757
8242,-4.400000,-0.657757
8243,-4.400000,-0.649671
8244,-4.400000,-0.649671
8245,-4.400000,-0.649671
8246,-4.400000,-0.649671
8247,-4.400000,-0.649671
8248,-4.400000,-0.640696
8249,-4.400000,-0.640696
8250,-4.400000,-0.640696
8251,-4.400000,-0.640696
8252,-4.400000,-0.630829
8253,-4.400000,-0.630829
8254,-4.400000,-0.630829
8256,-4.400000,-0.630829
8257,-4.400000,-0.630829
8258,-4.400000,-0.630829
8259,-4.400000,-0.620064
8260,-4.400000,-0.620064
8261,-4.400000,-0.620064
8262,-4.400000,-0.620064
8263,-4.400000,-0.608391
8264,-4.400000,-0.608391
8265,-4.400000,-0.608391
8266,-4.400000,-0.608391
8267,-4.400000,-0.608391
8268,-4.400000,-0.595839
8269,-4.400000,-0.595839
8270,-4.400000,-0.595839
8271,-4.400000,-0.595839
8272,-4.400000,-0.582409
8273,-4.400000,-0.582409
8274,-4.400000,-0.582409
8276,-4.400000,-0.582409
8277,-4.400000,-0.582409
8278,-4.400000,-0.582409
8279,-4.400000,-0.568133
8280,-4.400000,-0.568133
8281,-4.400000,-0.568133
8282,-4.400000,-0.568133
8283,-4.400000,-0.553013
8284,-4.400000,-0.553013
8285,-4.400000,-0.553013
8286,-4.400000,-0.553013
8287,-4.400000,-0.553013
8288,-4.400000,-0.537084
8289,-4.400000,-0.537084
8290,-4.400000,-0.537084
8291,-4.400000,-0.537084
8292,-4.400000,-0.520349
8293,-4.400000,-0.520349
8295,-4.400000,-0.520349
8296,-4.400000,-0.520349
8297,-4.400000,-0.520349
8298,-4.400000,-0.520349
8299,-4.400000,-0.502812
8300,-4.400000,-0.502812
8301,-4.400000,-0.502812
8302,-4.400000,-0.502812
8303,-4.400000,-0.484477
8304,-4.400000,-0.484477
8305,-4.400000,-0.484477
8306,-4.400000,-0.484477
8307,-4.400000,-0.484477
8308,-4.400000,-0.465345
8309,-4.400000,-0.465345
8310,-4.400000,-0.465345
8311,-4.400000,-0.465345
8312,-4.400000,-0.445426
8313,-4.400000,-0.445426
8314,-4.400000,-0.445426
8316,-4.400000,-0.445426
8317,-4.400000,-0.445426
8318,-4.400000,-0.445426
8319,-4.400000,-0.424743
8320,-4.400000,-0.424743
8321,-4.400000,-0.424743
8322,-4.400000,-0.424743
8323,-4.400000,-0.403384
8324,-4.400000,-0.403384
8325,-4.400000,-0.403384
8326,-4.400000,-0.403384
8327,-4.400000,-0.403384
8328,-4.400000,-0.381663
8329,-4.400000,-0.381663
8330,-4.400000,-0.381663
8331,-4.400000,-0.381663
8332,-4.400000,-0.359944
8333,-4.400000,-0.359944
8334,-4.400000,-0.359944
8336,-4.400000,-0.359944
8337,-4.400000,-0.359944
8338,-4.400000,-0.359944
8339,-4.400000,-0.338627
8340,-4.400000,-0.338627
8341,-4.400000,-0.338627
8342,-4.400000,-0.338627
8343,-4.400000,-0.317913
8344,-4.400000,-0.317913
8345,-4.400000,-0.317913
8346,-4.400000,-0.317913
8347,-4.400000,-0.317913
8348,-4.400000,-0.297911
8349,-4.400000,-0.297911
8350,-4.400000,-0.297911
8351,-4.400000,-0.297911
8352,-4.400000,-0.278642
8353,-4.400000,-0.278642
8355,-4.400000,-0.278642
8356,-4.400000,-0.278642
8357,-4.400000,-0.278642
8358,-4.400000,-0.278642
8359,-4.400000,-0.260018
8360,-4.400000,-0.260018
8361,-4.400000,-0.260018
8362,-4.400000,-0.260018
8363,-4.400000,-0.241945
8364,-4.400000,-0.241945
8365,-4.400000,-0.241945
8366,-4.400000,-0.241945
8367,-4.400000,-0.241945
8368,-4.400000,-0.224254
8369,-4.400000,-0.224254
8370,-4.400000,-0.224254
8371,-4.400000,-0.224254
8372,-4.400000,-0.206791
8373,-4.400000,-0.206791
8375,-4.400000,-0.206791
8376,-4.400000,-0.206791
8377,-4.400000,-0.206791
8378,-4.400000,-0.206791
8379,-4.400000,-0.189393
8380,-4.400000,-0.189393
8381,-4.400000,-0.189393
8382,-4.400000,-0.189393
8383,-4.400000,-0.171922
8384,-4.400000,-0.171922
8385,-4.400000,-0.171922
8386,-4.400000,-0.171922
8387,-4.400000,-0.171922
8388,-4.400000,-0.154237
8389,-4.400000,-0.154237
8390,-4.400000,-0.154237
8391,-4.400000,-0.154237
8392,-4.400000,-0.136282
8393,-4.400000,-0.136282
8395,-4.400000,-0.136282
8396,-4.400000,-0.136282
8397,-4.400000,-0.136282
8398,-4.400000,-0.136282
8399,-4.400000,-0.118029
8400,4.400000,-0.118029
8401,4.400000,-0.118029
8402,4.400000,-0.118029
8403,4.400000,-0.099500
8404,4.400000,-0.099500
8405,4.400000,-0.099500
8406,4.400000,-0.099500
8407,4.400000,-0.099500
8408,4.400000,-0.080738
8409,4.400000,-0.080738
8410,4.400000,-0.080738
8411,4.400000,-0.080738
8412,4.400000,-0.061819
8413,4.400000,-0.061819
8415,4.400000,-0.061819
8416,4.400000,-0.061819
8417,4.400000,-0.061819
8418,4.400000,-0.061819
8419,4.400000,-0.043093
8420,4.400000,-0.043093
8421,4.400000,-0.043093
8422,4.400000,-0.043093
8423,4.400000,-0.025358
8424,4.400000,-0.025358
8425,4.400000,-0.025358
8426,4.400000,-0.025358
8427,4.400000,-0.025358
8428,4.400000,-0.008994
8429,4.400000,-0.008994
8430,4.400000,-0.008994
8431,4.400000,-0.008994
8432,4.400000,0.005977
8433,4.400000,0.005977
8435,4.400000,0.005977
8436,4.400000,0.005977
8437,4.400000,0.005977
8438,4.400000,0.005977
8439,4.400000,0.019671
8440,4.400000,0.019671
8441,4.400000,0.019671
8442,4.400000,0.019671
8443,4.400000,0.032145
8444,4.400000,0.032145
8445,4.400000,0.032145
8446,4.400000,0.032145
8447,4.400000,0.032145
8448,4.400000,0.043403
8449,4.400000,0.043403
8450,4.400000,0.043403
8451,4.400000,0.043403
8452,4.400000,0.053439
8453,4.400000,0.053439
8455,4.400000,0.053439
8456,4.400000,0.053439
8457,4.400000,0.053439
8458,4.400000,0.053439
8459,4.400000,0.062245
8460,4.400000,0.062245
8461,4.400000,0.062245
8462,4.400000,0.062245
8463,4.400000,0.069831
8464,4.400000,0.069831
8465,4.400000,0.069831
8466,4.400000,0.069831
8467,4.400000,0.069831
8468,4.400000,0.076232
8469,4.400000,0.076232
8470,4.400000,0.076232
8471,4.400000,0.076232
8472,4.400000,0.081434
8474,4.400000,0.081434
8475,4.400000,0.081434
8476,4.400000,0.081434
8477,4.400000,0.081434
8478,4.400000,0.081434
8479,4.400000,0.085450
8480,4.400000,0.085450
8481,4.400000,0.085450
8482,4.400000,0.085450
8483,4.400000,0.088277
8484,4.400000,0.088277
8485,4.400000,0.088277
8486,4.400000,0.088277
8487,4.400000,0.088277
8488,4.400000,0.089924
8489,4.400000,0.089924
8490,4.400000,0.089924
8491,4.400000,0.089924
8492,4.400000,0.090384
8494,4.400000,0.090384
8495,4.400000,0.090384
8496,4.400000,0.090384
8497,4.400000,0.090384
8498,4.400000,0.090384
8499,4.400000,0.089725
8500,4.400000,0.089725
8501,4.400000,0.089725
8502,4.400000,0.089725
8503,4.400000,0.088022
8504,4.400000,0.088022
8505,4.400000,0.088022
8506,4.400000,0.088022
8507,4.400000,0.088022
8508,4.400000,0.085310
8509,4.400000,0.085310
8510,4.400000,0.085310
8511,4.400000,0.085310
8512,4.400000,0.081598
8514,4.400000,0.081598
8515,4.400000,0.081598
8516,4.400000,0.081598
8517,4.400000,0.081598
8518,4.400000,0.081598
8519,4.400000,0.076863
8520,4.400000,0.076863
8521,4.400000,0.076863
8522,4.400000,0.076863
8523,4.400000,0.071104
8524,4.400000,0.071104
8525,4.400000,0.071104
8526,4.400000,0.071104
8527,4.400000,0.071104
8528,4.400000,0.064341
8529,4.400000,0.064341
8530,4.400000,0.064341
8531,4.400000,0.064341
8533,4.400000,0.056597
8534,4.400000,0.056597
8535,4.400000,0.056597
8536,4.400000,0.056597
8537,4.400000,0.056597
8538,4.400000,0.056597
8539,4.400000,0.047885
8540,4.400000,0.047885
8541,4.400000,0.047885
8542,4.400000,0.047885
8543,4.400000,0.038222
8544,4.400000,0.038222
8545,4.400000,0.038222
8546,4.400000,0.038222
8547,4.400000,0.038222
8548,4.400000,0.027639
8549,4.400000,0.027639
8550,4.400000,0.027639
8551,4.400000,0.027639
8553,4.400000,0.016145
8554,4.400000,0.016145
8555,4.400000,0.016145
8556,4.400000,0.016145
8557,4.400000,0.016145
8558,4.400000,0.016145
8559,4.400000,0.003755
8560,4.400000,0.003755
8561,4.400000,0.003755
8562,4.400000,0.003755
8563,4.400000,-0.009543
8564,4.400000,-0.009543
8565,4.400000,-0.009543
8566,4.400000,-0.009543
8567,4.400000,-0.009543
8568,4.400000,-0.023746
8569,4.400000,-0.023746
8570,4.400000,-0.023746
8571,4.400000,-0.023746
8573,4.400000,-0.038865
8574,4.400000,-0.038865
8575,4.400000,-0.038865
8576,4.400000,-0.038865
8577,4.400000,-0.038865
8578,4.400000,-0.038865
8579,4.400000,-0.054898
8580,4.400000,-0.054898
8581,4.400000,-0.054898
8582,4.400000,-0.054898
8583,4.400000,-0.071903
8584,4.400000,-0.071903
8585,4.400000,-0.071903
8586,4.400000,-0.071903
8587,4.400000,-0.071903
8588,4.400000,-0.089805
8589,4.400000,-0.089805
8590,4.400000,-0.089805
8591,4.400000,-0.089805
8593,4.400000,-0.108647
8594,4.400000,-0.108647
8595,4.400000,-0.108647
8596,4.400000,-0.108647
8597,4.400000,-0.108647
8598,4.400000,-0.108647
8599,4.400000,-0.128311
8600,4.400000,-0.128311
8601,4.400000,-0.128311
8602,4.400000,-0.128311
8603,4.400000,-0.148902
8604,4.400000,-0.148902
8605,4.400000,-0.148902
8606,4.400000,-0.148902
8607,4.400000,-0.148902
8608,4.400000,-0.170311
8609,4.400000,-0.170311
8610,4.400000,-0.170311
8611,4.400000,-0.170311
8613,4.400000,-0.192314
8614,4.400000,-0.192314
8615,4.400000,-0.192314
8616,4.400000,-0.192314
8617,4.400000,-0.192314
8618,4.400000,-0.192314
8619,4.400000,-0.214489
8620,4.400000,-0.214489
8621,4.400000,-0.214489
8622,4.400000,-0.214489
8623,4.400000,-0.236431
8624,4.400000,-0.236431
8625,4.400000,-0.236431
8626,4.400000,-0.236431
8627,4.400000,-0.236431
8628,4.400000,-0.257773
8629,4.400000,-0.257773
8630,4.400000,-0.257773
8631,4.400000,-0.257773
8633,4.400000,-0.278387
8634,4.400000,-0.278387
8635,4.400000,-0.278387
8636,4.400000,-0.278387
8637,4.400000,-0.278387
8638,4.400000,-0.278387
8639,4.400000,-0.298244
8640,4.400000,-0.298244
8641,4.400000,-0.298244
8642,4.400000,-0.298244
8643,4.400000,-0.317410
8644,4.400000,-0.317410
8645,4.400000,-0.317410
8646,4.400000,-0.317410
8647,4.400000,-0.317410
8648,4.400000,-0.336027
8649,4.400000,-0.336027
8650,4.400000,-0.336027
8651,4.400000,-0.336027
8653,4.400000,-0.354259
8654,4.400000,-0.354259
8655,4.400000,-0.354259
8656,4.400000,-0.354259
8657,4.400000,-0.354259
8658,4.400000,-0.354259
8659,4.400000,-0.372272
8660,4.400000,-0.372272
8661,4.400000,-0.372272
8662,4.400000,-0.372272
8663,4.400000,-0.390234
8664,4.400000,-0.390234
8665,4.400000,-0.390234
8666,4.400000,-0.390234
8667,4.400000,-0.390234
8668,4.400000,-0.408297
8669,4.400000,-0.408297
8670,4.400000,-0.408297
8671,4.400000,-0.408297
8673,4.400000,-0.426589
8674,4.400000,-0.426589
8675,4.400000,-0.426589
8676,4.400000,-0.426589
8677,4.400000,-0.426589
8678,4.400000,-0.426589
8679,4.400000,-0.445175
8680,4.400000,-0.445175
8681,4.400000,-0.445175
8682,4.400000,-0.445175
8683,4.400000,-0.464060
8684,4.400000,-0.464060
8685,4.400000,-0.464060
8686,4.400000,-0.464060
8687,4.400000,-0.464060
8688,4.400000,-0.483201
8689,4.400000,-0.483201
8690,4.400000,-0.483201
8691,4.400000,-0.483201
8693,4.400000,-0.502559
8694,4.400000,-0.502559
8695,4.400000,-0.502559
8696,4.400000,-0.502559
8697,4.400000,-0.502559
8698,4.400000,-0.502559
8699,4.400000,-0.522056
8700,-4.400000,-0.522056
8701,-4.400000,-0.522056
8702,-4.400000,-0.522056
8703,-4.400000,-0.541600
8704,-4.400000,-0.541600
8705,-4.400000,-0.541600
8706,-4.400000,-0.541600
8707,-4.400000,-0.541600
8708,-4.400000,-0.561118
8709,-4.400000,-0.561118
8710,-4.400000,-0.561118
8711,-4.400000,-0.561118
8713,-4.400000,-0.580565
8714,-4.400000,-0.580565
8715,-4.400000,-0.580565
8716,-4.400000,-0.580565
8717,-4.400000,-0.580565
8718,-4.400000,-0.580565
8719,-4.400000,-0.599556
8720,-4.400000,-0.599556
8721,-4.400000,-0.599556
8722,-4.400000,-0.599556
8723,-4.400000,-0.617467
8724,-4.400000,-0.617467
8725,-4.400000,-0.617467
8726,-4.400000,-0.617467
8727,-4.400000,-0.617467
8728,-4.400000,-0.634059
8729,-4.400000,-0.634059
8730,-4.400000,-0.634059
8731,-4.400000,-0.634059
8733,-4.400000,-0.649358
8734,-4.400000,-0.649358
8735,-4.400000,-0.649358
8736,-4.400000,-0.649358
8737,-4.400000,-0.649358
8738,-4.400000,-0.649358
8739,-4.400000,-0.663462
8740,-4.400000,-0.663462
8741,-4.400000,-0.663462
8742,-4.400000,-0.663462
8743,-4.400000,-0.676390
8744,-4.400000,-0.676390
8745,-4.400000,-0.676390
8746,-4.400000,-0.676390
8747,-4.400000,-0.676390
8748,-4.400000,-0.688156
8749,-4.400000,-0.688156
8750,-4.400000,-0.688156
8751,-4.400000,-0.688156
8753,-4.400000,-0.698731
8754,-4.400000,-0.698731
8755,-4.400000,-0.698731
8756,-4.400000,-0.698731
8757,-4.400000,-0.698731
8758,-4.400000,-0.698731
8759,-4.400000,-0.708128
8760,-4.400000,-0.708128
8761,-4.400000,-0.708128
8762,-4.400000,-0.708128
8763,-4.400000,-0.716342
8764,-4.400000,-0.716342
8765,-4.400000,-0.716342
8766,-4.400000,-0.716342
8767,-4.400000,-0.716342
8768,-4.400000,-0.723389
8769,-4.400000,-0.723389
8770,-4.400000,-0.723389
8771,-4.400000,-0.723389
8773,-4.400000,-0.729276
8774,-4.400000,-0.729276
8775,-4.400000,-0.729276
8776,-4.400000,-0.729276
8777,-4.400000,-0.729276
8778,-4.400000,-0.729276
8779,-4.400000,-0.734026
8780,-4.400000,-0.734026
8781,-4.400000,-0.734026
8782,-4.400000,-0.734026
8783,-4.400000,-0.737614
8784,-4.400000,-0.737614
8785,-4.400000,-0.737614
8786,-4.400000,-0.737614
8787,-4.400000,-0.737614
8788,-4.400000,-0.737614
8789,-4.400000,-0.737614
8790,-4.400000,-0.737614
8791,-4.400000,-0.737614
8793,-4.400000,-0.737614
8794,-4.400000,-0.741302
8795,-4.400000,-0.741302
8796,-4.400000,-0.741302
8797,-4.400000,-0.741302
8798,-4.400000,-0.741302
8799,-4.400000,-0.741424
8800,-4.400000,-0.741424
8801,-4.400000,-0.741424
8802,-4.400000,-0.741424
8803,-4.400000,-0.740515
8804,-4.400000,-0.740515
8805,-4.400000,-0.740515
8806,-4.400000,-0.740515
8807,-4.400000,-0.740515
8808,-4.400000,-0.738645
8809,-4.400000,-0.738645
8810,-4.400000,-0.738645
8811,-4.400000,-0.738645
8813,-4.400000,-0.735831
8814,-4.400000,-0.735831
8815,-4.400000,-0.735831
8816,-4.400000,-0.735831
8817,-4.400000,-0.735831
8818,-4.400000,-0.735831
8819,-4.400000,-0.732064
8820,-4.400000,-0.732064
8821,-4.400000,-0.732064
8822,-4.400000,-0.732064
8823,-4.400000,-0.727343
8824,-4.400000,-0.727343
8825,-4.400000,-0.727343
8826,-4.400000,-0.727343
8827,-4.400000,-0.727343
8828,-4.400000,-0.721676
8829,-4.400000,-0.721676
8830,-4.400000,-0.721676
8831,-4.400000,-0.721676
8833,-4.400000,-0.721676
8834,-4.400000,-0.715082
8835,-4.400000,-0.715082
8836,-4.400000,-0.715082
8837,-4.400000,-0.715082
8838,-4.400000,-0.715082
8839,-4.400000,-0.707578
8840,-4.400000,-0.707578
8841,-4.400000,-0.707578
8842,-4.400000,-0.707578
8843,-4.400000,-0.699169
8844,-4.400000,-0.699169
8845,-4.400000,-0.699169
8846,-4.400000,-0.699169
8847,-4.400000,-0.699169
8848,-4.400000,-0.689873
8849,-4.400000,-0.689873
8850,-4.400000,-0.689873
8852,-4.400000,-0.689873
8853,-4.400000,-0.689873
8854,-4.400000,-0.679693
8855,-4.400000,-0.679693
8856,-4.400000,-0.679693
8857,-4.400000,-0.679693
8858,-4.400000,-0.679693
8859,-4.400000,-0.668700
8860,-4.400000,-0.668700
8861,-4.400000,-0.668700
8862,-4.400000,-0.668700
8863,-4.400000,-0.656773
8864,-4.400000,-0.656773
8865,-4.400000,-0.656773
8866,-4.400000,-0.656773
8867,-4.400000,-0.656773
8868,-4.400000,-0.644046
8869,-4.400000,-0.644046
8870,-4.400000,-0.644046
8872,-4.400000,-0.644046
8873,-4.400000,-0.630399
8874,-4.400000,-0.630399
8875,-4.400000,-0.630399
8876,-4.400000,-0.630399
8877,-4.400000,-0.630399
8878,-4.400000,-0.630399
8879,-4.400000,-0.615950
8880,-4.400000,-0.615950
8881,-4.400000,-0.615950
8882,-4.400000,-0.615950
8883,-4.400000,-0.600676
8884,-4.400000,-0.600676
8885,-4.400000,-0.600676
8886,-4.400000,-0.600676
8887,-4.400000,-0.600676
8888,-4.400000,-0.584486
8889,-4.400000,-0.584486
8890,-4.400000,-0.584486
8892,-4.400000,-0.584486
8893,-4.400000,-0.567505
8894,-4.400000,-0.567505
8895,-4.400000,-0.567505
8896,-4.400000,-0.567505
8897,-4.400000,-0.567505
8898,-4.400000,-0.567505
8899,-4.400000,-0.549654
8900,-4.400000,-0.549654
8901,-4.400000,-0.549654
8902,-4.400000,-0.549654
8903,-4.400000,-0.531068
8904,-4.400000,-0.531068
8905,-4.400000,-0.531068
8906,-4.400000,-0.531068
8907,-4.400000,-0.531068
8908,-4.400000,-0.511666
8909,-4.400000,-0.511666
8910,-4.400000,-0.511666
8912,-4.400000,-0.511666
8913,-4.400000,-0.491560
8914,-4.400000,-0.491560
8915,-4.400000,-0.491560
8916,-4.400000,-0.491560
8917,-4.400000,-0.491560
8918,-4.400000,-0.491560
8919,-4.400000,-0.470710
8920,-4.400000,-0.470710
8921,-4.400000,-0.470710
8922,-4.400000,-0.470710
8923,-4.400000,-0.449222
8924,-4.400000,-0.449222
8925,-4.400000,-0.449222
8926,-4.400000,-0.449222
8927,-4.400000,-0.449222
8928,-4.400000,-0.427458
8929,-4.400000,-0.427458
8930,-4.400000,-0.427458
8932,-4.400000,-0.427458
8933,-4.400000,-0.405782
8934,-4.400000,-0.405782
8935,-4.400000,-0.405782
8936,-4.400000,-0.405782
8937,-4.400000,-0.405782
8938,-4.400000,-0.405782
8939,-4.400000,-0.384557
8940,-4.400000,-0.384557
8941,-4.400000,-0.384557
8942,-4.400000,-0.384557
8943,-4.400000,-0.363953
8944,-4.400000,-0.363953
8945,-4.400000,-0.363953
8946,-4.400000,-0.363953
8947,-4.400000,-0.363953
8948,-4.400000,-0.344090
8949,-4.400000,-0.344090
8950,-4.400000,-0.344090
8952,-4.400000,-0.344090
8953,-4.400000,-0.324983
8954,-4.400000,-0.324983
8955,-4.400000,-0.324983
8956,-4.400000,-0.324983
8957,-4.400000,-0.324983
8958,-4.400000,-0.324983
8959,-4.400000,-0.306533
8960,-4.400000,-0.306533
8961,-4.400000,-0.306533
8962,-4.400000,-0.306533
8963,-4.400000,-0.288639
8964,-4.400000,-0.288639
8965,-4.400000,-0.288639
8966,-4.400000,-0.288639
8967,-4.400000,-0.288639
8968,-4.400000,-0.271104
8969,-4.400000,-0.271104
8970,-4.400000,-0.271104
8972,-4.400000,-0.271104
8973,-4.400000,-0.253772
8974,-4.400000,-0.253772
8975,-4.400000,-0.253772
8976,-4.400000,-0.253772
8977,-4.400000,-0.253772
8978,-4.400000,-0.253772
8979,-4.400000,-0.236478
8980,-4.400000,-0.236478
8981,-4.400000,-0.236478
8982,-4.400000,-0.236478
8983,-4.400000,-0.219087
8984,-4.400000,-0.219087
8985,-4.400000,-0.219087
8986,-4.400000,-0.219087
8987,-4.400000,-0.219087
8988,-4.400000,-0.201454
8989,-4.400000,-0.201454
8990,-4.400000,-0.201454
8992,-4.400000,-0.201454
8993,-4.400000,-0.183532
8994,-4.400000,-0.183532
8995,-4.400000,-0.183532
8996,-4.400000,-0.183532
8997,-4.400000,-0.183532
8998,-4.400000,-0.183532
8999,-4.400000,-0.165298
9000,4.400000,-0.165298
9001,4.400000,-0.165298
9002,4.400000,-0.165298
9003,4.400000,-0.146791
9004,4.400000,-0.146791
9005,4.400000,-0.146791
9006,4.400000,-0.146791
9007,4.400000,-0.146791
9008,4.400000,-0.128060
9009,4.400000,-0.128060
9010,4.400000,-0.128060
9012,4.400000,-0.128060
9013,4.400000,-0.109166
9014,4.400000,-0.109166
9015,4.400000,-0.109166
9016,4.400000,-0.109166
9017,4.400000,-0.109166
9018,4.400000,-0.109166
9019,4.400000,-0.090425
9020,4.400000,-0.090425
9021,4.400000,-0.090425
9022,4.400000,-0.090425
9023,4.400000,-0.072608
9024,4.400000,-0.072608
9025,4.400000,-0.072608
9026,4.400000,-0.072608
9027,4.400000,-0.072608
9028,4.400000,-0.056132
9029,4.400000,-0.056132
9031,4.400000,-0.056132
9032,4.400000,-0.056132
9033,4.400000,-0.041071
9034,4.400000,-0.041071
9035,4.400000,-0.041071
9036,4.400000,-0.041071
9037,4.400000,-0.041071
9038,4.400000,-0.041071
9039,4.400000,-0.027331
9040,4.400000,-0.027331
9041,4.400000,-0.027331
9042,4.400000,-0.027331
9043,4.400000,-0.014860
9044,4.400000,-0.014860
9045,4.400000,-0.014860
9046,4.400000,-0.014860
9047,4.400000,-0.014860
9048,4.400000,-0.003651
9049,4.400000,-0.003651
9051,4.400000,-0.003651
9052,4.400000,-0.003651
9053,4.400000,0.006314
9054,4.400000,0.006314
9055,4.400000,0.006314
9056,4.400000,0.006314
9057,4.400000,0.006314
9058,4.400000,0.006314
9059,4.400000,0.015039
9060,4.400000,0.015039
9061,4.400000,0.015039
9062,4.400000,0.015039
9063,4.400000,0.022572
9064,4.400000,0.022572
9065,4.400000,0.022572
9066,4.400000,0.022572
9067,4.400000,0.022572
9068,4.400000,0.028954
9069,4.400000,0.028954
9071,4.400000,0.028954
9072,4.400000,0.028954
9073,4.400000,0.034175
9074,4.400000,0.034175
9075,4.400000,0.034175
9076,4.400000,0.034175
9077,4.400000,0.034175
9078,4.400000,0.034175
9079,4.400000,0.038240
9080,4.400000,0.038240
9081,4.400000,0.038240
9082,4.400000,0.038240
9083,4.400000,0.041138
9084,4.400000,0.041138
9085,4.400000,0.041138
9086,4.400000,0.041138
9087,4.400000,0.041138
9088,4.400000,0.042865
9089,4.400000,0.042865
9091,4.400000,0.042865
9092,4.400000,0.042865
9093,4.400000,0.043416
9094,4.400000,0.043416
9095,4.400000,0.043416
9096,4.400000,0.043416
9097,4.400000,0.043416
9098,4.400000,0.043416
9099,4.400000,0.042857
9100,4.400000,0.042857
9101,4.400000,0.042857
9102,4.400000,0.042857
9103,4.400000,0.041263
9104,4.400000,0.041263
9105,4.400000,0.041263
9106,4.400000,0.041263
9107,4.400000,0.041263
9108,4.400000,0.038731
9109,4.400000,0.038731
9111,4.400000,0.038731
9112,4.400000,0.038731
9113,4.400000,0.035140
9114,4.400000,0.035140
9115,4.400000,0.035140
9116,4.400000,0.035140
9117,4.400000,0.035140
9118,4.400000,0.035140
9119,4.400000,0.030661
9120,4.400000,0.030661
9121,4.400000,0.030661
9122,4.400000,0.030661
9123,4.400000,0.025179
9124,4.400000,0.025179
9125,4.400000,0.025179
9126,4.400000,0.025179
9127,4.400000,0.025179
9128,4.400000,0.018700
9129,4.400000,0.018700
9131,4.400000,0.018700
9132,4.400000,0.018700
9133,4.400000,0.011245
9134,4.400000,0.011245
9135,4.400000,0.011245
9136,4.400000,0.011245
9137,4.400000,0.011245
9138,4.400000,0.011245
9139,4.400000,0.002832
9140,4.400000,0.002832
9141,4.400000,0.002832
9142,4.400000,0.002832
9143,4.400000,-0.006520
9144,4.400000,-0.006520
9145,4.400000,-0.006520
9146,4.400000,-0.006520
9147,4.400000,-0.006520
9148,4.400000,-0.016792
9149,4.400000,-0.016792
9151,4.400000,-0.016792
9152,4.400000,-0.016792
9153,4.400000,-0.027990
9154,4.400000,-0.027990
9155,4.400000,-0.027990
9156,4.400000,-0.027990
9157,4.400000,-0.027990
9158,4.400000,-0.027990
9159,4.400000,-0.040110
9160,4.400000,-0.040110
9161,4.400000,-0.040110
9162,4.400000,-0.040110
9163,4.400000,-0.053156
9164,4.400000,-0.053156
9165,4.400000,-0.053156
9166,4.400000,-0.053156
9167,4.400000,-0.053156
9168,4.400000,-0.067102
9170,4.400000,-0.067102
9171,4.400000,-0.067102
9172,4.400000,-0.067102
9173,4.400000,-0.081938
9174,4.400000,-0.081938
9175,4.400000,-0.081938
9176,4.400000,-0.081938
9177,4.400000,-0.081938
9178,4.400000,-0.081938
9179,4.400000,-0.097643
9180,4.400000,-0.097643
9181,4.400000,-0.097643
9182,4.400000,-0.097643
9183,4.400000,-0.114227
9184,4.400000,-0.114227
9185,4.400000,-0.114227
9186,4.400000,-0.114227
9187,4.400000,-0.114227
9188,4.400000,-0.131674
9190,4.400000,-0.131674
9191,4.400000,-0.131674
9192,4.400000,-0.131674
9193,4.400000,-0.149997
9194,4.400000,-0.149997
9195,4.400000,-0.149997
9196,4.400000,-0.149997
9197,4.400000,-0.149997
9198,4.400000,-0.149997
9199,4.400000,-0.169188
9200,4.400000,-0.169188
9201,4.400000,-0.169188
9202,4.400000,-0.169188
9203,4.400000,-0.189236
9204,4.400000,-0.189236
9205,4.400000,-0.189236
9206,4.400000,-0.189236
9207,4.400000,-0.189236
9208,4.400000,-0.210138
9210,4.400000,-0.210138
9211,4.400000,-0.210138
9212,4.400000,-0.210138
9213,4.400000,-0.231814
9214,4.400000,-0.231814
9215,4.400000,-0.231814
9216,4.400000,-0.231814
9217,4.400000,-0.231814
9218,4.400000,-0.231814
9219,4.400000,-0.254004
9220,4.400000,-0.254004
9221,4.400000,-0.254004
9222,4.400000,-0.254004
9223,4.400000,-0.276292
9224,4.400000,-0.276292
9225,4.400000,-0.276292
9226,4.400000,-0.276292
9227,4.400000,-0.276292
9228,4.400000,-0.298235
9230,4.400000,-0.298235
9231,4.400000,-0.298235
9232,4.400000,-0.298235
9233,4.400000,-0.319599
9234,4.400000,-0.319599
9235,4.400000,-0.319599
9236,4.400000,-0.319599
9237,4.400000,-0.319599
9238,4.400000,-0.319599
9239,4.400000,-0.340242
9240,4.400000,-0.340242
9241,4.400000,-0.340242
9242,4.400000,-0.340242
9243,4.400000,-0.360132
9244,4.400000,-0.360132
9245,4.400000,-0.360132
9246,4.400000,-0.360132
9247,4.400000,-0.360132
9249,4.400000,-0.379317
9250,4.400000,-0.379317
9251,4.400000,-0.379317
9252,4.400000,-0.379317
9253,4.400000,-0.397880
9254,4.400000,-0.397880
9255,4.400000,-0.397880
9256,4.400000,-0.397880
9257,4.400000,-0.397880
9258,4.400000,-0.397880
9259,4.400000,-0.415978
9260,4.400000,-0.415978
9261,4.400000,-0.415978
9262,4.400000,-0.415978
9263,4.400000,-0.433775
9264,4.400000,-0.433775
9265,4.400000,-0.433775
9266,4.400000,-0.433775
9267,4.400000,-0.433775
9269,4.400000,-0.451483
9270,4.400000,-0.451483
9271,4.400000,-0.451483
9272,4.400000,-0.451483
9273,4.400000,-0.469275
9274,4.400000,-0.469275
9275,4.400000,-0.469275
9276,4.400000,-0.469275
9277,4.400000,-0.469275
9278,4.400000,-0.469275
9279,4.400000,-0.469275
9280,4.400000,-0.469275
9281,4.400000,-0.469275
9282,4.400000,-0.469275
9283,4.400000,-0.505619
9284,4.400000,-0.505619
9285,4.400000,-0.505619
9286,4.400000,-0.505619
9287,4.400000,-0.505619
9288,4.400000,-0.524312
9290,4.400000,-0.524312
9291,4.400000,-0.524312
9292,4.400000,-0.524312
9293,4.400000,-0.543364
9294,4.400000,-0.543364
9295,4.400000,-0.543364
9296,4.400000,-0.543364
9297,4.400000,-0.543364
9298,4.400000,-0.543364
9299,4.400000,-0.562722
9300,-4.400000,-0.562722
9301,-4.400000,-0.562722
9302,-4.400000,-0.562722
9303,-4.400000,-0.582332
9304,-4.400000,-0.582332
9305,-4.400000,-0.582332
9306,-4.400000,-0.582332
9307,-4.400000,-0.582332
9308,-4.400000,-0.602065
9310,-4.400000,-0.602065
9311,-4.400000,-0.602065
9312,-4.400000,-0.602065
9313,-4.400000,-0.621825
9314,-4.400000,-0.621825
9315,-4.400000,-0.621825
9316,-4.400000,-0.621825
9317,-4.400000,-0.621825
9318,-4.400000,-0.621825
9319,-4.400000,-0.641313
9320,-4.400000,-0.641313
9321,-4.400000,-0.641313
9322,-4.400000,-0.641313
9323,-4.400000,-0.659879
9324,-4.400000,-0.659879
9325,-4.400000,-0.659879
9326,-4.400000,-0.659879
9327,-4.400000,-0.659879
9328,-4.400000,-0.677145
9330,-4.400000,-0.677145
9331,-4.400000,-0.677145
9332,-4.400000,-0.677145
9333,-4.400000,-0.677145
9334,-4.400000,-0.693094
9335,-4.400000,-0.693094
9336,-4.400000,-0.693094
9337,-4.400000,-0.693094
9338,-4.400000,-0.693094
9339,-4.400000,-0.707847
9340,-4.400000,-0.707847
9341,-4.400000,-0.707847
9342,-4.400000,-0.707847
9343,-4.400000,-0.721426
9344,-4.400000,-0.721426
9345,-4.400000,-0.721426
9346,-4.400000,-0.721426
9347,-4.400000,-0.721426
9348,-4.400000,-0.733835
9350,-4.400000,-0.733835
9351,-4.400000,-0.733835
9352,-4.400000,-0.733835
9353,-4.400000,-0.733835
9354,-4.400000,-0.745077
9355,-4.400000,-0.745077
9356,-4.400000,-0.745077
9357,-4.400000,-0.745077
9358,-4.400000,-0.755204
9359,-4.400000,-0.755204
9360,-4.400000,-0.755204
9361,-4.400000,-0.755204
9362,-4.400000,-0.755204
9363,-4.400000,-0.755204
9364,-4.400000,-0.764234
9365,-4.400000,-0.764234
9366,-4.400000,-0.764234
9367,-4.400000,-0.764234
9368,-4.400000,-0.772200
9370,-4.400000,-0.772200
9371,-4.400000,-0.772200
9372,-4.400000,-0.772200
9373,-4.400000,-0.779097
9374,-4.400000,-0.779097
9375,-4.400000,-0.779097
9376,-4.400000,-0.779097
9377,-4.400000,-0.779097
9378,-4.400000,-0.779097
9379,-4.400000,-0.784946
9380,-4.400000,-0.784946
9381,-4.400000,-0.784946
9382,-4.400000,-0.784946
9383,-4.400000,-0.789712
9384,-4.400000,-0.789712
9385,-4.400000,-0.789712
9386,-4.400000,-0.789712
9387,-4.400000,-0.789712
9388,-4.400000,-0.793381
9390,-4.400000,-0.793381
9391,-4.400000,-0.793381
9392,-4.400000,-0.793381
9393,-4.400000,-0.793381
9394,-4.400000,-0.795925
9395,-4.400000,-0.795925
9396,-4.400000,-0.795925
9397,-4.400000,-0.795925
9398,-4.400000,-0.795925
9399,-4.400000,-0.797346
9400,-4.400000,-0.797346
9401,-4.400000,-0.797346
9402,-4.400000,-0.797346
9403,-4.400000,-0.797654
9404,-4.400000,-0.797654
9405,-4.400000,-0.797654
9406,-4.400000,-0.797654
9407,-4.400000,-0.797654
9408,-4.400000,-0.796947
9410,-4.400000,-0.796947
9411,-4.400000,-0.796947
9412,-4.400000,-0.796947
9413,-4.400000,-0.795313
9414,-4.400000,-0.795313
9415,-4.400000,-0.795313
9416,-4.400000,-0.795313
9417,-4.400000,-0.795313
9418,-4.400000,-0.795313
9419,-4.400000,-0.792786
9420,-4.400000,-0.792786
9421,-4.400000,-0.792786
9422,-4.400000,-0.792786
9423,-4.400000,-0.789350
9424,-4.400000,-0.789350
9425,-4.400000,-0.789350
9426,-4.400000,-0.789350
9427,-4.400000,-0.789350
9429,-4.400000,-0.785005
9430,-4.400000,-0.785005
9431,-4.400000,-0.785005
9432,-4.400000,-0.785005
9433,-4.400000,-0.779774
9434,-4.400000,-0.779774
9435,-4.400000,-0.779774
9436,-4.400000,-0.779774
9437,-4.400000,-0.779774
9438,-4.400000,-0.779774
9439,-4.400000,-0.773680
9440,-4.400000,-0.773680
9441,-4.400000,-0.773680
9442,-4.400000,-0.773680
9443,-4.400000,-0.766739
9444,-4.400000,-0.766739
9445,-4.400000,-0.766739
9446,-4.400000,-0.766739
9447,-4.400000,-0.766739
9449,-4.400000,-0.766739
9450,-4.400000,-0.766739
9451,-4.400000,-0.766739
9452,-4.400000,-0.766739
9453,-4.400000,-0.766739
9454,-4.400000,-0.750387
9455,-4.400000,-0.750387
9456,-4.400000,-0.750387
9457,-4.400000,-0.750387
9458,-4.400000,-0.750387
9459,-4.400000,-0.740965
9460,-4.400000,-0.740965
9461,-4.400000,-0.740965
9462,-4.400000,-0.740965
9463,-4.400000,-0.730694
9464,-4.400000,-0.730694
9465,-4.400000,-0.730694
9466,-4.400000,-0.730694
9467,-4.400000,-0.730694
9469,-4.400000,-0.719573
9470,-4.400000,-0.719573
9471,-4.400000,-0.719573
9472,-4.400000,-0.719573
9473,-4.400000,-0.719573
9474,-4.400000,-0.707590
9475,-4.400000,-0.707590
9476,-4.400000,-0.707590
9477,-4.400000,-0.707590
9478,-4.400000,-0.707590
9479,-4.400000,-0.694761
9480,-4.400000,-0.694761
9481,-4.400000,-0.694761
9482,-4.400000,-0.694761
9483,-4.400000,-0.681074
9484,-4.400000,-0.681074
9485,-4.400000,-0.681074
9486,-4.400000,-0.681074
9487,-4.400000,-0.681074
9489,-4.400000,-0.666529
9490,-4.400000,-0.666529
9491,-4.400000,-0.666529
9492,-4.400000,-0.666529
9493,-4.400000,-0.666529
9494,-4.400000,-0.651127
9495,-4.400000,-0.651127
9496,-4.400000,-0.651127
9497,-4.400000,-0.651127
9498,-4.400000,-0.651127
9499,-4.400000,-0.634872
9500,-4.400000,-0.634872
9501,-4.400000,-0.634872
9502,-4.400000,-0.634872
9503,-4.400000,-0.634872
9504,-4.400000,-0.617753
9505,-4.400000,-0.617753
9506,-4.400000,-0.617753
9507,-4.400000,-0.617753
9509,-4.400000,-0.599778
9510,-4.400000,-0.599778
9511,-4.400000,-0.599778
9512,-4.400000,-0.599778
9513,-4.400000,-0.580975
9514,-4.400000,-0.580975
9515,-4.400000,-0.580975
9516,-4.400000,-0.580975
9517,-4.400000,-0.580975
9518,-4.400000,-0.580975
9519,-4.400000,-0.561358
9520,-4.400000,-0.561358
9521,-4.400000,-0.561358
9522,-4.400000,-0.561358
9523,-4.400000,-0.561358
9524,-4.400000,-0.540954
9525,-4.400000,-0.540954
9526,-4.400000,-0.540954
9527,-4.400000,-0.540954
9529,-4.400000,-0.519813
9530,-4.400000,-0.519813
9531,-4.400000,-0.519813
9532,-4.400000,-0.519813
9533,-4.400000,-0.498080
9534,-4.400000,-0.498080
9535,-4.400000,-0.498080
9536,-4.400000,-0.498080
9537,-4.400000,-0.498080
9538,-4.400000,-0.498080
9539,-4.400000,-0.476113
9540,-4.400000,-0.476113
9541,-4.400000,-0.476113
9542,-4.400000,-0.476113
9543,-4.400000,-0.454274
9544,-4.400000,-0.454274
9545,-4.400000,-0.454274
9546,-4.400000,-0.454274
9547,-4.400000,-0.454274
9549,-4.400000,-0.432950
9550,-4.400000,-0.432950
9551,-4.400000,-0.432950
9552,-4.400000,-0.432950
9553,-4.400000,-0.412317
9554,-4.400000,-0.412317
9555,-4.400000,-0.412317
9556,-4.400000,-0.412317
9557,-4.400000,-0.412317
9558,-4.400000,-0.412317
9559,-4.400000,-0.392485
9560,-4.400000,-0.392485
9561,-4.400000,-0.392485
9562,-4.400000,-0.392485
9563,-4.400000,-0.373451
9564,-4.400000,-0.373451
9565,-4.400000,-0.373451
9566,-4.400000,-0.373451
9567,-4.400000,-0.373451
9569,-4.400000,-0.355104
9570,-4.400000,-0.355104
9571,-4.400000,-0.355104
9572,-4.400000,-0.355104
9573,-4.400000,-0.337333
9574,-4.400000,-0.337333
9575,-4.400000,-0.337333
9576,-4.400000,-0.337333
9577,-4.400000,-0.337333
9578,-4.400000,-0.337333
9579,-4.400000,-0.319937
9580,-4.400000,-0.319937
9581,-4.400000,-0.319937
9582,-4.400000,-0.319937
9583,-4.400000,-0.302750
9584,-4.400000,-0.302750
9585,-4.400000,-0.302750
9586,-4.400000,-0.302750
9588,-4.400000,-0.302750
9589,-4.400000,-0.285567
9590,-4.400000,-0.285567
9591,-4.400000,-0.285567
9592,-4.400000,-0.285567
9593,-4.400000,-0.268228
9594,-4.400000,-0.268228
9595,-4.400000,-0.268228
9596,-4.400000,-0.268228
9597,-4.400000,-0.268228
9598,-4.400000,-0.268228
9599,-4.400000,-0.250627
9600,4.400000,-0.250627
9601,4.400000,-0.250627
9602,4.400000,-0.250627
9603,4.400000,-0.232735
9604,4.400000,-0.232735
9605,4.400000,-0.232735
9606,4.400000,-0.232735
9608,4.400000,-0.232735
9609,4.400000,-0.214540
9610,4.400000,-0.214540
9611,4.400000,-0.214540
9612,4.400000,-0.214540
9613,4.400000,-0.196076
9614,4.400000,-0.196076
9615,4.400000,-0.196076
9616,4.400000,-0.196076
9617,4.400000,-0.196076
9618,4.400000,-0.196076
9619,4.400000,-0.177634
9620,4.400000,-0.177634
9621,4.400000,-0.177634
9622,4.400000,-0.177634
9623,4.400000,-0.160043
9624,4.400000,-0.160043
9625,4.400000,-0.160043
9626,4.400000,-0.160043
9628,4.400000,-0.160043
9629,4.400000,-0.143766
9630,4.400000,-0.143766
9631,4.400000,-0.143766
9632,4.400000,-0.143766
9633,4.400000,-0.128824
9634,4.400000,-0.128824
9635,4.400000,-0.128824
9636,4.400000,-0.128824
9637,4.400000,-0.128824
9638,4.400000,-0.128824
9639,4.400000,-0.115086
9640,4.400000,-0.115086
9641,4.400000,-0.115086
9642,4.400000,-0.115086
9643,4.400000,-0.102508
9644,4.400000,-0.102508
9645,4.400000,-0.102508
9646,4.400000,-0.102508
9648,4.400000,-0.102508
9649,4.400000,-0.091124
9650,4.400000,-0.091124
9651,4.400000,-0.091124
9652,4.400000,-0.091124
9653,4.400000,-0.080942
9654,4.400000,-0.080942
9655,4.400000,-0.080942
9656,4.400000,-0.080942
9657,4.400000,-0.080942
9658,4.400000,-0.080942
9659,4.400000,-0.071994
9660,4.400000,-0.071994
9661,4.400000,-0.071994
9662,4.400000,-0.071994
9663,4.400000,-0.064268
9664,4.400000,-0.064268
9665,4.400000,-0.064268
9666,4.400000,-0.064268
9668,4.400000,-0.064268
9669,4.400000,-0.057737
9670,4.400000,-0.057737
9671,4.400000,-0.057737
9672,4.400000,-0.057737
9673,4.400000,-0.052373
9674,4.400000,-0.052373
9675,4.400000,-0.052373
9676,4.400000,-0.052373
9677,4.400000,-0.052373
9678,4.400000,-0.052373
9679,4.400000,-0.048136
9680,4.400000,-0.048136
9681,4.400000,-0.048136
9682,4.400000,-0.048136
9683,4.400000,-0.045050
9684,4.400000,-0.045050
9685,4.400000,-0.045050
9686,4.400000,-0.045050
9688,4.400000,-0.045050
9689,4.400000,-0.043133
9690,4.400000,-0.043133
9691,4.400000,-0.043133
9692,4.400000,-0.043133
9693,4.400000,-0.043133
9694,4.400000,-0.042401
9695,4.400000,-0.042401
9696,4.400000,-0.042401
9697,4.400000,-0.042401
9698,4.400000,-0.042401
9699,4.400000,-0.042807
9700,4.400000,-0.042807
9701,4.400000,-0.042807
9702,4.400000,-0.042807
9703,4.400000,-0.044272
9704,4.400000,-0.044272
9705,4.400000,-0.044272
9706,4.400000,-0.044272
9708,4.400000,-0.044272
9709,4.400000,-0.046754
9710,4.400000,-0.046754
9711,4.400000,-0.046754
9712,4.400000,-0.046754
9713,4.400000,-0.050239
9714,4.400000,-0.050239
9715,4.400000,-0.050239
9716,4.400000,-0.050239
9717,4.400000,-0.050239
9718,4.400000,-0.050239
9719,4.400000,-0.054743
9720,4.400000,-0.054743
9721,4.400000,-0.054743
9722,4.400000,-0.054743
9723,4.400000,-0.060264
9724,4.400000,-0.060264
9725,4.400000,-0.060264
9726,4.400000,-0.060264
9728,4.400000,-0.060264
9729,4.400000,-0.066792
9730,4.400000,-0.066792
9731,4.400000,-0.066792
9732,4.400000,-0.066792
9733,4.400000,-0.074286
9734,4.400000,-0.074286
9735,4.400000,-0.074286
9736,4.400000,-0.074286
9737,4.400000,-0.074286
9738,4.400000,-0.074286
9739,4.400000,-0.082736
9740,4.400000,-0.082736
9741,4.400000,-0.082736
9742,4.400000,-0.082736
9743,4.400000,-0.092112
9744,4.400000,-0.092112
9745,4.400000,-0.092112
9746,4.400000,-0.092112
9748,4.400000,-0.092112
9749,4.400000,-0.102379
9750,4.400000,-0.102379
9751,4.400000,-0.102379
9752,4.400000,-0.102379
9753,4.400000,-0.113545
9754,4.400000,-0.113545
9755,4.400000,-0.113545
9756,4.400000,-0.113545
9757,4.400000,-0.113545
9758,4.400000,-0.113545
9759,4.400000,-0.125591
9760,4.400000,-0.125591
9761,4.400000,-0.125591
9762,4.400000,-0.125591
9763,4.400000,-0.138510
9764,4.400000,-0.138510
9765,4.400000,-0.138510
9767,4.400000,-0.138510
9768,4.400000,-0.138510
9769,4.400000,-0.152274
9770,4.400000,-0.152274
9771,4.400000,-0.152274
9772,4.400000,-0.152274
9773,4.400000,-0.166906
9774,4.400000,-0.166906
9775,4.400000,-0.166906
9776,4.400000,-0.166906
9777,4.400000,-0.166906
9778,4.400000,-0.166906
9779,4.400000,-0.182382
9780,4.400000,-0.182382
9781,4.400000,-0.182382
9782,4.400000,-0.182382
9783,4.400000,-0.198706
9784,4.400000,-0.198706
9785,4.400000,-0.198706
9787,4.400000,-0.198706
9788,4.400000,-0.198706
9789,4.400000,-0.215885
9790,4.400000,-0.215885
9791,4.400000,-0.215885
9792,4.400000,-0.215885
9793,4.400000,-0.233944
9794,4.400000,-0.233944
9795,4.400000,-0.233944
9796,4.400000,-0.233944
9797,4.400000,-0.233944
9798,4.400000,-0.233944
9799,4.400000,-0.252873
9800,4.400000,-0.252873
9801,4.400000,-0.252873
9802,4.400000,-0.252873
9803,4.400000,-0.272693
9804,4.400000,-0.272693
9805,4.400000,-0.272693
9807,4.400000,-0.272693
9808,4.400000,-0.272693
9809,4.400000,-0.293459
9810,4.400000,-0.293459
9811,4.400000,-0.293459
9812,4.400000,-0.293459
9813,4.400000,-0.314977
9814,4.400000,-0.314977
9815,4.400000,-0.314977
9816,4.400000,-0.314977
9817,4.400000,-0.314977
9818,4.400000,-0.314977
9819,4.400000,-0.337080
9820,4.400000,-0.337080
9821,4.400000,-0.337080
9822,4.400000,-0.337080
9823,4.400000,-0.359411
9824,4.400000,-0.359411
9825,4.400000,-0.359411
9827,4.400000,-0.359411
9828,4.400000,-0.359411
9829,4.400000,-0.381458
9830,4.400000,-0.381458
9831,4.400000,-0.381458
9832,4.400000,-0.381458
9833,4.400000,-0.402931
9834,4.400000,-0.402931
9835,4.400000,-0.402931
9836,4.400000,-0.402931
9837,4.400000,-0.402931
9838,4.400000,-0.402931
9839,4.400000,-0.423680
9840,4.400000,-0.423680
9841,4.400000,-0.423680
9842,4.400000,-0.423680
9843,4.400000,-0.423680
9844,4.400000,-0.443645
9845,4.400000,-0.443645
9847,4.400000,-0.443645
9848,4.400000,-0.443645
9849,4.400000,-0.462970
9850,4.400000,-0.462970
9851,4.400000,-0.462970
9852,4.400000,-0.462970
9853,4.400000,-0.462970
9854,4.400000,-0.481684
9855,4.400000,-0.481684
9856,4.400000,-0.481684
9857,4.400000,-0.481684
9858,4.400000,-0.481684
9859,4.400000,-0.499960
9860,4.400000,-0.499960
9861,4.400000,-0.499960
9862,4.400000,-0.499960
9863,4.400000,-0.499960
9864,4.400000,-0.517936
9865,4.400000,-0.517936
9867,4.400000,-0.517936
9868,4.400000,-0.517936
9869,4.400000,-0.535814
9870,4.400000,-0.535814
9871,4.400000,-0.535814
9872,4.400000,-0.535814
9873,4.400000,-0.553763
9874,4.400000,-0.553763
9875,4.400000,-0.553763
9876,4.400000,-0.553763
9877,4.400000,-0.553763
9878,4.400000,-0.553763
9879,4.400000,-0.571938
9880,4.400000,-0.571938
9881,4.400000,-0.571938
9882,4.400000,-0.571938
9883,4.400000,-0.571938
9884,4.400000,-0.590377
9885,4.400000,-0.590377
9887,4.400000,-0.590377
9888,4.400000,-0.590377
9889,4.400000,-0.609135
9890,4.400000,-0.609135
9891,4.400000,-0.609135
9892,4.400000,-0.609135
9893,4.400000,-0.609135
9894,4.400000,-0.628167
9895,4.400000,-0.628167
9896,4.400000,-0.628167
9897,4.400000,-0.628167
9898,4.400000,-0.628167
9899,4.400000,-0.647440
9900,-4.400000,-0.647440
9901,-4.400000,-0.647440
9902,-4.400000,-0.647440
9903,-4.400000,-0.666899
9904,-4.400000,-0.666899
9905,-4.400000,-0.666899
9907,-4.400000,-0.666899
9908,-4.400000,-0.666899
9909,-4.400000,-0.686439
9910,-4.400000,-0.686439
9911,-4.400000,-0.686439
9912,-4.400000,-0.686439
9913,-4.400000,-0.705994
9914,-4.400000,-0.705994
9915,-4.400000,-0.705994
9916,-4.400000,-0.705994
9917,-4.400000,-0.705994
9918,-4.400000,-0.705994
9919,-4.400000,-0.725160
9920,-4.400000,-0.725160
9921,-4.400000,-0.725160
9922,-4.400000,-0.725160
9923,-4.400000,-0.743362
9924,-4.400000,-0.743362
9925,-4.400000,-0.743362
9927,-4.400000,-0.743362
9928,-4.400000,-0.743362
9929,-4.400000,-0.760245
9930,-4.400000,-0.760245
9931,-4.400000,-0.760245
9932,-4.400000,-0.760245
9933,-4.400000,-0.776027
9934,-4.400000,-0.776027
9935,-4.400000,-0.776027
9936,-4.400000,-0.776027
9937,-4.400000,-0.776027
9938,-4.400000,-0.776027
9939,-4.400000,-0.790651
9940,-4.400000,-0.790651
9941,-4.400000,-0.790651
9942,-4.400000,-0.790651
9943,-4.400000,-0.804245
9944,-4.400000,-0.804245
9946,-4.400000,-0.804245
9947,-4.400000,-0.804245
9948,-4.400000,-0.804245
9949,-4.400000,-0.804245
9950,-4.400000,-0.804245
9951,-4.400000,-0.804245
9952,-4.400000,-0.804245
9953,-4.400000,-0.804245
9954,-4.400000,-0.828016
9955,-4.400000,-0.828016
9956,-4.400000,-0.828016
9957,-4.400000,-0.828016
9958,-4.400000,-0.828016
9959,-4.400000,-0.838233
9960,-4.400000,-0.838233
9961,-4.400000,-0.838233
9962,-4.400000,-0.838233
9963,-4.400000,-0.847307
9964,-4.400000,-0.847307
9966,-4.400000,-0.847307
9967,-4.400000,-0.847307
9968,-4.400000,-0.847307
9969,-4.400000,-0.855199
9970,-4.400000,-0.855199
9971,-4.400000,-0.855199
9972,-4.400000,-0.855199
9973,-4.400000,-0.855199
9974,-4.400000,-0.862039
9975,-4.400000,-0.862039
9976,-4.400000,-0.862039
9977,-4.400000,-0.862039
9978,-4.400000,-0.862039
9979,-4.400000,-0.867791
9980,-4.400000,-0.867791
9981,-4.400000,-0.867791
9982,-4.400000,-0.867791
9983,-4.400000,-0.867791
9984,-4.400000,-0.872372
9986,-4.400000,-0.872372
9987,-4.400000,-0.872372
9988,-4.400000,-0.872372
9989,-4.400000,-0.875917
9990,-4.400000,-0.875917
9991,-4.400000,-0.875917
9992,-4.400000,-0.875917
9993,-4.400000,-0.875917
9994,-4.400000,-0.878268
9995,-4.400000,-0.878268
9996,-4.400000,-0.878268
9997,-4.400000,-0.878268
9998,-4.400000,-0.878268
9999,-4.400000,-0.879498
10000,-4.400000,-0.879498
10001,-4.400000,-0.879498
10002,-4.400000,-0.879498
10003,-4.400000,-0.879624
10004,-4.400000,-0.879624
10006,-4.400000,-0.879624
10007,-4.400000,-0.879624
10008,-4.400000,-0.879624
10009,-4.400000,-0.878705
10010,-4.400000,-0.878705
10011,-4.400000,-0.878705
10012,-4.400000,-0.878705
10013,-4.400000,-0.878705
10014,-4.400000,-0.876811
10015,-4.400000,-0.876811
10016,-4.400000,-0.876811
10017,-4.400000,-0.876811
10018,-4.400000,-0.876811
10019,-4.400000,-0.873964
10020,-4.400000,-0.873964
10021,-4.400000,-0.873964
10022,-4.400000,-0.873964
10023,-4.400000,-0.870107
10024,-4.400000,-0.870107
10026,-4.400000,-0.870107
10027,-4.400000,-0.870107
10028,-4.400000,-0.870107
10029,-4.400000,-0.865355
10030,-4.400000,-0.865355
10031,-4.400000,-0.865355
10032,-4.400000,-0.865355
10033,-4.400000,-0.859610
10034,-4.400000,-0.859610
10035,-4.400000,-0.859610
10036,-4.400000,-0.859610
10037,-4.400000,-0.859610
10038,-4.400000,-0.859610
10039,-4.400000,-0.853003
10040,-4.400000,-0.853003
10041,-4.400000,-0.853003
10042,-4.400000,-0.853003
10043,-4.400000,-0.845443
10044,-4.400000,-0.845443
10046,-4.400000,-0.845443
10047,-4.400000,-0.845443
10048,-4.400000,-0.845443
10049,-4.400000,-0.837066
10050,-4.400000,-0.837066
10051,-4.400000,-0.837066
10052,-4.400000,-0.837066
10053,-4.400000,-0.827762
10054,-4.400000,-0.827762
10055,-4.400000,-0.827762
10056,-4.400000,-0.827762
10057,-4.400000,-0.827762
10058,-4.400000,-0.827762
10059,-4.400000,-0.817654
10060,-4.400000,-0.817654
10061,-4.400000,-0.817654
10062,-4.400000,-0.817654
10063,-4.400000,-0.806631
10064,-4.400000,-0.806631
10066,-4.400000,-0.806631
10067,-4.400000,-0.806631
10068,-4.400000,-0.806631
10069,-4.400000,-0.794833
10070,-4.400000,-0.794833
10071,-4.400000,-0.794833
10072,-4.400000,-0.794833
10073,-4.400000,-0.782167
10074,-4.400000,-0.782167
10075,-4.400000,-0.782167
10076,-4.400000,-0.782167
10077,-4.400000,-0.782167
10078,-4.400000,-0.782167
10079,-4.400000,-0.768770
10080,-4.400000,-0.768770
10081,-4.400000,-0.768770
10082,-4.400000,-0.768770
10083,-4.400000,-0.768770
10084,-4.400000,-0.754528
10086,-4.400000,-0.754528
10087,-4.400000,-0.754528
10088,-4.400000,-0.754528
10089,-4.400000,-0.739543
10090,-4.400000,-0.739543
10091,-4.400000,-0.739543
10092,-4.400000,-0.739543
10093,-4.400000,-0.739543
10094,-4.400000,-0.723695
10095,-4.400000,-0.723695
10096,-4.400000,-0.723695
10097,-4.400000,-0.723695
10098,-4.400000,-0.723695
10099,-4.400000,-0.707026
10100,-4.400000,-0.707026
10101,-4.400000,-0.707026
10102,-4.400000,-0.707026
10103,-4.400000,-0.689520
10104,-4.400000,-0.689520
10106,-4.400000,-0.689520
10107,-4.400000,-0.689520
10108,-4.400000,-0.689520
10109,-4.400000,-0.671181
10110,-4.400000,-0.671181
10111,-4.400000,-0.671181
10112,-4.400000,-0.671181
10113,-4.400000,-0.671181
10114,-4.400000,-0.652021
10115,-4.400000,-0.652021
10116,-4.400000,-0.652021
10117,-4.400000,-0.652021
10118,-4.400000,-0.652021
10119,-4.400000,-0.632057
10120,-4.400000,-0.632057
10121,-4.400000,-0.632057
10122,-4.400000,-0.632057
10123,-4.400000,-0.632057
10125,-4.400000,-0.611284
10126,-4.400000,-0.611284
10127,-4.400000,-0.611284
10128,-4.400000,-0.611284
10129,-4.400000,-0.589798
10130,-4.400000,-0.589798
10131,-4.400000,-0.589798
10132,-4.400000,-0.589798
10133,-4.400000,-0.589798
10134,-4.400000,-0.567860
10135,-4.400000,-0.567860
10136,-4.400000,-0.567860
10137,-4.400000,-0.567860
10138,-4.400000,-0.567860
10139,-4.400000,-0.545914
10140,-4.400000,-0.545914
10141,-4.400000,-0.545914
10142,-4.400000,-0.545914
10143,-4.400000,-0.545914
10145,-4.400000,-0.524307
10146,-4.400000,-0.524307
10147,-4.400000,-0.524307
10148,-4.400000,-0.524307
10149,-4.400000,-0.503340
10150,-4.400000,-0.503340
10151,-4.400000,-0.503340
10152,-4.400000,-0.503340
10153,-4.400000,-0.503340
10154,-4.400000,-0.483110
10155,-4.400000,-0.483110
10156,-4.400000,-0.483110
10157,-4.400000,-0.483110
10158,-4.400000,-0.483110
10159,-4.400000,-0.463636
10160,-4.400000,-0.463636
10161,-4.400000,-0.463636
10162,-4.400000,-0.463636
10163,-4.400000,-0.444871
10165,-4.400000,-0.444871
10166,-4.400000,-0.444871
10167,-4.400000,-0.444871
10168,-4.400000,-0.444871
10169,-4.400000,-0.426652
10170,-4.400000,-0.426652
10171,-4.400000,-0.426652
10172,-4.400000,-0.426652
10173,-4.400000,-0.408838
10174,-4.400000,-0.408838
10175,-4.400000,-0.408838
10176,-4.400000,-0.408838
10177,-4.400000,-0.408838
10178,-4.400000,-0.408838
10179,-4.400000,-0.391239
10180,-4.400000,-0.391239
10181,-4.400000,-0.391239
10182,-4.400000,-0.391239
10183,-4.400000,-0.373683
10185,-4.400000,-0.373683
10186,-4.400000,-0.373683
10187,-4.400000,-0.373683
10188,-4.400000,-0.373683
10189,-4.400000,-0.355979
10190,-4.400000,-0.355979
10191,-4.400000,-0.355979
10192,-4.400000,-0.355979
10193,-4.400000,-0.355979
10194,-4.400000,-0.338037
10195,-4.400000,-0.338037
10196,-4.400000,-0.338037
10197,-4.400000,-0.338037
10198,-4.400000,-0.338037
10199,-4.400000,-0.319796
10200,4.400000,-0.319796
10201,4.400000,-0.319796
10202,4.400000,-0.319796
10203,4.400000,-0.301252
10205,4.400000,-0.301252
10206,4.400000,-0.301252
10207,4.400000,-0.301252
10208,4.400000,-0.301252
10209,4.400000,-0.282431
10210,4.400000,-0.282431
10211,4.400000,-0.282431
10212,4.400000,-0.282431
10213,4.400000,-0.263397
10214,4.400000,-0.263397
10215,4.400000,-0.263397
10216,4.400000,-0.263397
10217,4.400000,-0.263397
10218,4.400000,-0.263397
10219,4.400000,-0.244575
10220,4.400000,-0.244575
10221,4.400000,-0.244575
10222,4.400000,-0.244575
10223,4.400000,-0.244575
10225,4.400000,-0.226776
10226,4.400000,-0.226776
10227,4.400000,-0.226776
10228,4.400000,-0.226776
10229,4.400000,-0.210289
10230,4.400000,-0.210289
10231,4.400000,-0.210289
10232,4.400000,-0.210289
10233,4.400000,-0.210289
10234,4.400000,-0.195104
10235,4.400000,-0.195104
10236,4.400000,-0.195104
10237,4.400000,-0.195104
10238,4.400000,-0.195104
10239,4.400000,-0.181068
10240,4.400000,-0.181068
10241,4.400000,-0.181068
10242,4.400000,-0.181068
10243,4.400000,-0.168178
10245,4.400000,-0.168178
10246,4.400000,-0.168178
10247,4.400000,-0.168178
10248,4.400000,-0.168178
10249,4.400000,-0.156442
10250,4.400000,-0.156442
10251,4.400000,-0.156442
10252,4.400000,-0.156442
10253,4.400000,-0.145868
10254,4.400000,-0.145868
10255,4.400000,-0.145868
10256,4.400000,-0.145868
10257,4.400000,-0.145868
10258,4.400000,-0.145868
10259,4.400000,-0.136471
10260,4.400000,-0.136471
10261,4.400000,-0.136471
10262,4.400000,-0.136471
10264,4.400000,-0.128231
10265,4.400000,-0.128231
10266,4.400000,-0.128231
10267,4.400000,-0.128231
10268,4.400000,-0.128231
10269,4.400000,-0.121102
10270,4.400000,-0.121102
10271,4.400000,-0.121102
10272,4.400000,-0.121102
10273,4.400000,-0.115050
10274,4.400000,-0.115050
10275,4.400000,-0.115050
10276,4.400000,-0.115050
10277,4.400000,-0.115050
10278,4.400000,-0.115050
10279,4.400000,-0.110050
10280,4.400000,-0.110050
10281,4.400000,-0.110050
10282,4.400000,-0.110050
10284,4.400000,-0.106113
10285,4.400000,-0.106113
10286,4.400000,-0.106113
10287,4.400000,-0.106113
10288,4.400000,-0.106113
10289,4.400000,-0.103259
10290,4.400000,-0.103259
10291,4.400000,-0.103259
10292,4.400000,-0.103259
10293,4.400000,-0.101534
10294,4.400000,-0.101534
10295,4.400000,-0.101534
10296,4.400000,-0.101534
10297,4.400000,-0.101534
10298,4.400000,-0.101534
10299,4.400000,-0.100931
10300,4.400000,-0.100931
10301,4.400000,-0.100931
10302,4.400000,-0.100931
10304,4.400000,-0.101428
10305,4.400000,-0.101428
10306,4.400000,-0.101428
10307,4.400000,-0.101428
10308,4.400000,-0.101428
10309,4.400000,-0.102955
10310,4.400000,-0.102955
10311,4.400000,-0.102955
10312,4.400000,-0.102955
10313,4.400000,-0.105458
10314,4.400000,-0.105458
10315,4.400000,-0.105458
10316,4.400000,-0.105458
10317,4.400000,-0.105458
10318,4.400000,-0.105458
10319,4.400000,-0.108927
10320,4.400000,-0.108927
10321,4.400000,-0.108927
10322,4.400000,-0.108927
10324,4.400000,-0.113354
10325,4.400000,-0.113354
10326,4.400000,-0.113354
10327,4.400000,-0.113354
10328,4.400000,-0.113354
10329,4.400000,-0.118741
10330,4.400000,-0.118741
10331,4.400000,-0.118741
10332,4.400000,-0.118741
10333,4.400000,-0.125076
10334,4.400000,-0.125076
10335,4.400000,-0.125076
10336,4.400000,-0.125076
10337,4.400000,-0.125076
10338,4.400000,-0.125076
10339,4.400000,-0.132342
10340,4.400000,-0.132342
10341,4.400000,-0.132342
10342,4.400000,-0.132342
10344,4.400000,-0.140526
10345,4.400000,-0.140526
10346,4.400000,-0.140526
10347,4.400000,-0.140526
10348,4.400000,-0.140526
10349,4.400000,-0.149601
10350,4.400000,-0.149601
10351,4.400000,-0.149601
10352,4.400000,-0.149601
10353,4.400000,-0.159548
10354,4.400000,-0.159548
10355,4.400000,-0.159548
10356,4.400000,-0.159548
10357,4.400000,-0.159548
10358,4.400000,-0.159548
10359,4.400000,-0.170346
10360,4.400000,-0.170346
10361,4.400000,-0.170346
10363,4.400000,-0.170346
10364,4.400000,-0.181998
10365,4.400000,-0.181998
10366,4.400000,-0.181998
10367,4.400000,-0.181998
10368,4.400000,-0.181998
10369,4.400000,-0.194504
10370,4.400000,-0.194504
10371,4.400000,-0.194504
10372,4.400000,-0.194504
10373,4.400000,-0.207876
10374,4.400000,-0.207876
10375,4.400000,-0.207876
10376,4.400000,-0.207876
10377,4.400000,-0.207876
10378,4.400000,-0.207876
10379,4.400000,-0.222099
10380,4.400000,-0.222099
10381,4.400000,-0.222099
10383,4.400000,-0.222099
10384,4.400000,-0.237198
10385,4.400000,-0.237198
10386,4.400000,-0.237198
10387,4.400000,-0.237198
10388,4.400000,-0.237198
10389,4.400000,-0.253168
10390,4.400000,-0.253168
10391,4.400000,-0.253168
10392,4.400000,-0.253168
10393,4.400000,-0.270025
10394,4.400000,-0.270025
10395,4.400000,-0.270025
10396,4.400000,-0.270025
10397,4.400000,-0.270025
10398,4.400000,-0.270025
10399,4.400000,-0.287762
10400,4.400000,-0.287762
10401,4.400000,-0.287762
10403,4.400000,-0.287762
10404,4.400000,-0.306393
10405,4.400000,-0.306393
10406,4.400000,-0.306393
10407,4.400000,-0.306393
10408,4.400000,-0.306393
10409,4.400000,-0.325919
10410,4.400000,-0.325919
10411,4.400000,-0.325919
10412,4.400000,-0.325919
10413,4.400000,-0.325919
10414,4.400000,-0.346354
10415,4.400000,-0.346354
10416,4.400000,-0.346354
10417,4.400000,-0.346354
10418,4.400000,-0.346354
10419,4.400000,-0.367667
10420,4.400000,-0.367667
10421,4.400000,-0.367667
10423,4.400000,-0.367667
10424,4.400000,-0.389678
10425,4.400000,-0.389678
10426,4.400000,-0.389678
10427,4.400000,-0.389678
10428,4.400000,-0.389678
10429,4.400000,-0.411948
10430,4.400000,-0.411948
10431,4.400000,-0.411948
10432,4.400000,-0.411948
10433,4.400000,-0.411948
10434,4.400000,-0.434092
10435,4.400000,-0.434092
10436,4.400000,-0.434092
10437,4.400000,-0.434092
10438,4.400000,-0.434092
10439,4.400000,-0.455730
10440,4.400000,-0.455730
10442,4.400000,-0.455730
10443,4.400000,-0.455730
10444,4.400000,-0.455730
10445,4.400000,-0.476696
10446,4.400000,-0.476696
10447,4.400000,-0.476696
10448,4.400000,-0.476696
10449,4.400000,-0.496865
10450,4.400000,-0.496865
10451,4.400000,-0.496865
10452,4.400000,-0.496865
10453,4.400000,-0.496865
10454,4.400000,-0.516325
10455,4.400000,-0.516325
10456,4.400000,-0.516325
10457,4.400000,-0.516325
10458,4.400000,-0.516325
10459,4.400000,-0.535203
10460,4.400000,-0.535203
10462,4.400000,-0.535203
10463,4.400000,-0.535203
10464,4.400000,-0.535203
10465,4.400000,-0.553602
10466,4.400000,-0.553602
10467,4.400000,-0.553602
10468,4.400000,-0.553602
10469,4.400000,-0.571732
10470,4.400000,-0.571732
10471,4.400000,-0.571732
10472,4.400000,-0.571732
10473,4.400000,-0.571732
10474,4.400000,-0.589739
10475,4.400000,-0.589739
10476,4.400000,-0.589739
10477,4.400000,-0.589739
10478,4.400000,-0.589739
10479,4.400000,-0.607756
10480,4.400000,-0.607756
10482,4.400000,-0.607756
10483,4.400000,-0.607756
10484,4.400000,-0.607756
10485,4.400000,-0.625888
10486,4.400000,-0.625888
10487,4.400000,-0.625888
10488,4.400000,-0.625888
10489,4.400000,-0.644267
10490,4.400000,-0.644267
10491,4.400000,-0.644267
10492,4.400000,-0.644267
10493,4.400000,-0.644267
10494,4.400000,-0.662939
10495,4.400000,-0.662939
10496,4.400000,-0.662939
10497,4.400000,-0.662939
10498,4.400000,-0.681920
10499,4.400000,-0.681920
10500,-4.400000,-0.681920
10502,-4.400000,-0.681920
10503,-4.400000,-0.681920
10504,-4.400000,-0.681920
10505,-4.400000,-0.701170
10506,-4.400000,-0.701170
10507,-4.400000,-0.701170
10508,-4.400000,-0.701170
10509,-4.400000,-0.720623
10510,-4.400000,-0.720623
10511,-4.400000,-0.720623
10512,-4.400000,-0.720623
10513,-4.400000,-0.720623
10514,-4.400000,-0.740188
10515,-4.400000,-0.740188
10516,-4.400000,-0.740188
10517,-4.400000,-0.740188
10518,-4.400000,-0.740188
10519,-4.400000,-0.759433
10520,-4.400000,-0.759433
10522,-4.400000,-0.759433
10523,-4.400000,-0.759433
10524,-4.400000,-0.777704
10525,-4.400000,-0.777704
10526,-4.400000,-0.777704
10527,-4.400000,-0.777704
10528,-4.400000,-0.777704
10529,-4.400000,-0.794730
10530,-4.400000,-0.794730
10531,-4.400000,-0.794730
10532,-4.400000,-0.794730
10533,-4.400000,-0.810539
10534,-4.400000,-0.810539
10535,-4.400000,-0.810539
10536,-4.400000,-0.810539
10537,-4.400000,-0.810539
10538,-4.400000,-0.810539
10539,-4.400000,-0.825213
10540,-4.400000,-0.825213
10542,-4.400000,-0.825213
10543,-4.400000,-0.825213
10544,-4.400000,-0.838752
10545,-4.400000,-0.838752
10546,-4.400000,-0.838752
10547,-4.400000,-0.838752
10548,-4.400000,-0.838752
10549,-4.400000,-0.851138
10550,-4.400000,-0.851138
10551,-4.400000,-0.851138
10552,-4.400000,-0.851138
10553,-4.400000,-0.862356
10554,-4.400000,-0.862356
10555,-4.400000,-0.862356
10556,-4.400000,-0.862356
10557,-4.400000,-0.862356
10558,-4.400000,-0.862356
10559,-4.400000,-0.872430
10561,-4.400000,-0.872430
10562,-4.400000,-0.872430
10563,-4.400000,-0.872430
10564,-4.400000,-0.881381
10565,-4.400000,-0.881381
10566,-4.400000,-0.881381
10567,-4.400000,-0.881381
10568,-4.400000,-0.881381
10569,-4.400000,-0.889302
10570,-4.400000,-0.889302
10571,-4.400000,-0.889302
10572,-4.400000,-0.889302
10573,-4.400000,-0.896045
10574,-4.400000,-0.896045
10575,-4.400000,-0.896045
10576,-4.400000,-0.896045
10577,-4.400000,-0.896045
10578,-4.400000,-0.896045
10579,-4.400000,-0.901773
10581,-4.400000,-0.901773
10582,-4.400000,-0.901773
10583,-4.400000,-0.901773
10584,-4.400000,-0.906388
10585,-4.400000,-0.906388
10586,-4.400000,-0.906388
10587,-4.400000,-0.906388
10588,-4.400000,-0.906388
10589,-4.400000,-0.909880
10590,-4.400000,-0.909880
10591,-4.400000,-0.909880
10592,-4.400000,-0.909880
10593,-4.400000,-0.912301
10594,-4.400000,-0.912301
10595,-4.400000,-0.912301
10596,-4.400000,-0.912301
10597,-4.400000,-0.912301
10598,-4.400000,-0.912301
10599,-4.400000,-0.913572
10601,-4.400000,-0.913572
10602,-4.400000,-0.913572
10603,-4.400000,-0.913572
10604,-4.400000,-0.913572
10605,-4.400000,-0.913857
10606,-4.400000,-0.913857
10607,-4.400000,-0.913857
10608,-4.400000,-0.913857
10609,-4.400000,-0.913064
10610,-4.400000,-0.913064
10611,-4.400000,-0.913064
10612,-4.400000,-0.913064
10613,-4.400000,-0.911255
10614,-4.400000,-0.911255
10615,-4.400000,-0.911255
10616,-4.400000,-0.911255
10617,-4.400000,-0.911255
10618,-4.400000,-0.911255
10619,-4.400000,-0.911255
10621,-4.400000,-0.911255
10622,-4.400000,-0.911255
10623,-4.400000,-0.911255
10624,-4.400000,-0.911255
10625,-4.400000,-0.904580
10626,-4.400000,-0.904580
10627,-4.400000,-0.904580
10628,-4.400000,-0.904580
10629,-4.400000,-0.899859
10630,-4.400000,-0.899859
10631,-4.400000,-0.899859
10632,-4.400000,-0.899859
10633,-4.400000,-0.894183
10634,-4.400000,-0.894183
10635,-4.400000,-0.894183
10636,-4.400000,-0.894183
10637,-4.400000,-0.894183
10638,-4.400000,-0.894183
10639,-4.400000,-0.887451
10641,-4.400000,-0.887451
10642,-4.400000,-0.887451
10643,-4.400000,-0.887451
10644,-4.400000,-0.887451
10645,-4.400000,-0.879923
10646,-4.400000,-0.879923
10647,-4.400000,-0.879923
10648,-4.400000,-0.879923
10649,-4.400000,-0.871509
10650,-4.400000,-0.871509
10651,-4.400000,-0.871509
10652,-4.400000,-0.871509
10653,-4.400000,-0.871509
10654,-4.400000,-0.862230
10655,-4.400000,-0.862230
10656,-4.400000,-0.862230
10657,-4.400000,-0.862230
10658,-4.400000,-0.862230
10659,-4.400000,-0.852102
10661,-4.400000,-0.852102
10662,-4.400000,-0.852102
10663,-4.400000,-0.852102
10664,-4.400000,-0.852102
10665,-4.400000,-0.841122
10666,-4.400000,-0.841122
10667,-4.400000,-0.841122
10668,-4.400000,-0.841122
10669,-4.400000,-0.829307
10670,-4.400000,-0.829307
10671,-4.400000,-0.829307
10672,-4.400000,-0.829307
10673,-4.400000,-0.829307
10674,-4.400000,-0.816652
10675,-4.400000,-0.816652
10676,-4.400000,-0.816652
10677,-4.400000,-0.816652
10678,-4.400000,-0.816652
10680,-4.400000,-0.803176
10681,-4.400000,-0.803176
10682,-4.400000,-0.803176
10683,-4.400000,-0.803176
10684,-4.400000,-0.803176
10685,-4.400000,-0.788880
10686,-4.400000,-0.788880
10687,-4.400000,-0.788880
10688,-4.400000,-0.788880
10689,-4.400000,-0.773802
10690,-4.400000,-0.773802
10691,-4.400000,-0.773802
10692,-4.400000,-0.773802
10693,-4.400000,-0.773802
10694,-4.400000,-0.757941
10695,-4.400000,-0.757941
10696,-4.400000,-0.757941
10697,-4.400000,-0.757941
10698,-4.400000,-0.741301
10700,-4.400000,-0.741301
10701,-4.400000,-0.741301
10702,-4.400000,-0.741301
10703,-4.400000,-0.741301
10704,-4.400000,-0.741301
10705,-4.400000,-0.723848
10706,-4.400000,-0.723848
10707,-4.400000,-0.723848
10708,-4.400000,-0.723848
10709,-4.400000,-0.705555
10710,-4.400000,-0.705555
10711,-4.400000,-0.705555
10712,-4.400000,-0.705555
10713,-4.400000,-0.705555
10714,-4.400000,-0.686428
10715,-4.400000,-0.686428
10716,-4.400000,-0.686428
10717,-4.400000,-0.686428
10718,-4.400000,-0.686428
10720,-4.400000,-0.666477
10721,-4.400000,-0.666477
10722,-4.400000,-0.666477
10723,-4.400000,-0.666477
10724,-4.400000,-0.666477
10725,-4.400000,-0.645713
10726,-4.400000,-0.645713
10727,-4.400000,-0.645713
10728,-4.400000,-0.645713
10729,-4.400000,-0.624203
10730,-4.400000,-0.624203
10731,-4.400000,-0.624203
10732,-4.400000,-0.624203
10733,-4.400000,-0.624203
10734,-4.400000,-0.602163
10735,-4.400000,-0.602163
10736,-4.400000,-0.602163
10737,-4.400000,-0.602163
10738,-4.400000,-0.602163
10740,-4.400000,-0.580003
10741,-4.400000,-0.580003
10742,-4.400000,-0.580003
10743,-4.400000,-0.580003
10744,-4.400000,-0.558074
10745,-4.400000,-0.558074
10746,-4.400000,-0.558074
10747,-4.400000,-0.558074
10748,-4.400000,-0.558074
10749,-4.400000,-0.536725
10750,-4.400000,-0.536725
10751,-4.400000,-0.536725
10752,-4.400000,-0.536725
10753,-4.400000,-0.536725
10754,-4.400000,-0.516093
10755,-4.400000,-0.516093
10756,-4.400000,-0.516093
10757,-4.400000,-0.516093
10758,-4.400000,-0.516093
10760,-4.400000,-0.496230
10761,-4.400000,-0.496230
10762,-4.400000,-0.496230
10763,-4.400000,-0.496230
10764,-4.400000,-0.496230
10765,-4.400000,-0.477120
10766,-4.400000,-0.477120
10767,-4.400000,-0.477120
10768,-4.400000,-0.477120
10769,-4.400000,-0.458660
10770,-4.400000,-0.458660
10771,-4.400000,-0.458660
10772,-4.400000,-0.458660
10773,-4.400000,-0.458660
10774,-4.400000,-0.440734
10775,-4.400000,-0.440734
10776,-4.400000,-0.440734
10777,-4.400000,-0.440734
10778,-4.400000,-0.440734
10780,-4.400000,-0.423129
10781,-4.400000,-0.423129
10782,-4.400000,-0.423129
10783,-4.400000,-0.423129
10784,-4.400000,-0.405683
10785,-4.400000,-0.405683
10786,-4.400000,-0.405683
10787,-4.400000,-0.405683
10788,-4.400000,-0.405683
10789,-4.400000,-0.388208
10790,-4.400000,-0.388208
10791,-4.400000,-0.388208
10792,-4.400000,-0.388208
10793,-4.400000,-0.370572
10794,-4.400000,-0.370572
10795,-4.400000,-0.370572
10796,-4.400000,-0.370572
10797,-4.400000,-0.370572
10799,-4.400000,-0.370572
10800,4.400000,-0.352653
10801,4.400000,-0.352653
10802,4.400000,-0.352653
10803,4.400000,-0.352653
10804,4.400000,-0.334419
10805,4.400000,-0.334419
10806,4.400000,-0.334419
10807,4.400000,-0.334419
10808,4.400000,-0.334419
10809,4.400000,-0.315864
10810,4.400000,-0.315864
10811,4.400000,-0.315864
10812,4.400000,-0.315864
10813,4.400000,-0.297028
10814,4.400000,-0.297028
10815,4.400000,-0.297028
10816,4.400000,-0.297028
10817,4.400000,-0.297028
10819,4.400000,-0.297028
10820,4.400000,-0.278346
10821,4.400000,-0.278346
10822,4.400000,-0.278346
10823,4.400000,-0.278346
10824,4.400000,-0.260677
10825,4.400000,-0.260677
10826,4.400000,-0.260677
10827,4.400000,-0.260677
10828,4.400000,-0.260677
10829,4.400000,-0.244352
10830,4.400000,-0.244352
10831,4.400000,-0.244352
10832,4.400000,-0.244352
10833,4.400000,-0.229368
10834,4.400000,-0.229368
10835,4.400000,-0.229368
10836,4.400000,-0.229368
10837,4.400000,-0.229368
10839,4.400000,-0.229368
10840,4.400000,-0.215592
10841,4.400000,-0.215592
10842,4.400000,-0.215592
10843,4.400000,-0.215592
10844,4.400000,-0.202996
10845,4.400000,-0.202996
10846,4.400000,-0.202996
10847,4.400000,-0.202996
10848,4.400000,-0.202996
10849,4.400000,-0.191576
10850,4.400000,-0.191576
10851,4.400000,-0.191576
10852,4.400000,-0.191576
10853,4.400000,-0.181326
10854,4.400000,-0.181326
10855,4.400000,-0.181326
10856,4.400000,-0.181326
10857,4.400000,-0.181326
10859,4.400000,-0.181326
10860,4.400000,-0.172266
10861,4.400000,-0.172266
10862,4.400000,-0.172266
10863,4.400000,-0.172266
10864,4.400000,-0.164396
10865,4.400000,-0.164396
10866,4.400000,-0.164396
10867,4.400000,-0.164396
10868,4.400000,-0.164396
10869,4.400000,-0.157679
10870,4.400000,-0.157679
10871,4.400000,-0.157679
10872,4.400000,-0.157679
10873,4.400000,-0.152071
10874,4.400000,-0.152071
10875,4.400000,-0.152071
10876,4.400000,-0.152071
10877,4.400000,-0.152071
10879,4.400000,-0.152071
10880,4.400000,-0.147516
10881,4.400000,-0.147516
10882,4.400000,-0.147516
10883,4.400000,-0.147516
10884,4.400000,-0.147516
10885,4.400000,-0.144029
10886,4.400000,-0.144029
10887,4.400000,-0.144029
10888,4.400000,-0.144029
10889,4.400000,-0.141624
10890,4.400000,-0.141624
10891,4.400000,-0.141624
10892,4.400000,-0.141624
10893,4.400000,-0.140355
10894,4.400000,-0.140355
10895,4.400000,-0.140355
10896,4.400000,-0.140355
10897,4.400000,-0.140355
10899,4.400000,-0.140355
10900,4.400000,-0.140212
10901,4.400000,-0.140212
10902,4.400000,-0.140212
10903,4.400000,-0.140212
10904,4.400000,-0.141115
10905,4.400000,-0.141115
10906,4.400000,-0.141115
10907,4.400000,-0.141115
10908,4.400000,-0.141115
10909,4.400000,-0.142996
10910,4.400000,-0.142996
10911,4.400000,-0.142996
10912,4.400000,-0.142996
10913,4.400000,-0.145811
10914,4.400000,-0.145811
10915,4.400000,-0.145811
10916,4.400000,-0.145811
10917,4.400000,-0.145811
10919,4.400000,-0.145811
10920,4.400000,-0.149575
10921,4.400000,-0.149575
10922,4.400000,-0.149575
10923,4.400000,-0.149575
10924,4.400000,-0.154288
10925,4.400000,-0.154288
10926,4.400000,-0.154288
10927,4.400000,-0.154288
10928,4.400000,-0.154288
10929,4.400000,-0.159966
10930,4.400000,-0.159966
10931,4.400000,-0.159966
10932,4.400000,-0.159966
10933,4.400000,-0.166580
10934,4.400000,-0.166580
10935,4.400000,-0.166580
10936,4.400000,-0.166580
10937,4.400000,-0.166580
10939,4.400000,-0.166580
10940,4.400000,-0.174117
10941,4.400000,-0.174117
10942,4.400000,-0.174117
10943,4.400000,-0.174117
10944,4.400000,-0.174117
10945,4.400000,-0.182556
10946,4.400000,-0.182556
10947,4.400000,-0.182556
10948,4.400000,-0.182556
10949,4.400000,-0.191877
10950,4.400000,-0.191877
10951,4.400000,-0.191877
10952,4.400000,-0.191877
10953,4.400000,-0.202058
10954,4.400000,-0.202058
10955,4.400000,-0.202058
10956,4.400000,-0.202058
10957,4.400000,-0.202058
10959,4.400000,-0.202058
10960,4.400000,-0.213088
10961,4.400000,-0.213088
10962,4.400000,-0.213088
10963,4.400000,-0.213088
10964,4.400000,-0.224991
10965,4.400000,-0.224991
10966,4.400000,-0.224991
10967,4.400000,-0.224991
10968,4.400000,-0.224991
10969,4.400000,-0.237760
10970,4.400000,-0.237760
10971,4.400000,-0.237760
10972,4.400000,-0.237760
10973,4.400000,-0.251420
10974,4.400000,-0.251420
10975,4.400000,-0.251420
10976,4.400000,-0.251420
10978,4.400000,-0.251420
10979,4.400000,-0.251420
10980,4.400000,-0.265952
10981,4.400000,-0.265952
10982,4.400000,-0.265952
10983,4.400000,-0.265952
10984,4.400000,-0.281382
10985,4.400000,-0.281382
10986,4.400000,-0.281382
10987,4.400000,-0.281382
10988,4.400000,-0.281382
10989,4.400000,-0.297689
10990,4.400000,-0.297689
10991,4.400000,-0.297689
10992,4.400000,-0.297689
10993,4.400000,-0.314900
10994,4.400000,-0.314900
10995,4.400000,-0.314900
10996,4.400000,-0.314900
10998,4.400000,-0.314900
10999,4.400000,-0.314900
11000,4.400000,-0.333016
11001,4.400000,-0.333016
11002,4.400000,-0.333016
11003,4.400000,-0.333016
11004,4.400000,-0.352054
11005,4.400000,-0.352054
11006,4.400000,-0.352054
11007,4.400000,-0.352054
11008,4.400000,-0.352054
11009,4.400000,-0.372000
11010,4.400000,-0.372000
11011,4.400000,-0.372000
11012,4.400000,-0.372000
11013,4.400000,-0.392846
11014,4.400000,-0.392846
11015,4.400000,-0.392846
11016,4.400000,-0.392846
11018,4.400000,-0.392846
11019,4.400000,-0.392846
11020,4.400000,-0.414517
11021,4.400000,-0.414517
11022,4.400000,-0.414517
11023,4.400000,-0.414517
11024,4.400000,-0.414517
11025,4.400000,-0.436799
11026,4.400000,-0.436799
11027,4.400000,-0.436799
11028,4.400000,-0.436799
11029,4.400000,-0.459263
11030,4.400000,-0.459263
11031,4.400000,-0.459263
11032,4.400000,-0.459263
11033,4.400000,-0.459263
11034,4.400000,-0.481496
11035,4.400000,-0.481496
11036,4.400000,-0.481496
11038,4.400000,-0.481496
11039,4.400000,-0.481496
11040,4.400000,-0.503151
11041,4.400000,-0.503151
11042,4.400000,-0.503151
11043,4.400000,-0.503151
11044,4.400000,-0.524083
11045,4.400000,-0.524083
11046,4.400000,-0.524083
11047,4.400000,-0.524083
11048,4.400000,-0.524083
11049,4.400000,-0.544162
11050,4.400000,-0.544162
11051,4.400000,-0.544162
11052,4.400000,-0.544162
11053,4.400000,-0.544162
11054,4.400000,-0.563535
11055,4.400000,-0.563535
11056,4.400000,-0.563535
11058,4.400000,-0.563535
11059,4.400000,-0.582292
11060,4.400000,-0.582292
11061,4.400000,-0.582292
11062,4.400000,-0.582292
11063,4.400000,-0.582292
11064,4.400000,-0.582292
11065,4.400000,-0.600547
11066,4.400000,-0.600547
11067,4.400000,-0.600547
11068,4.400000,-0.600547
11069,4.400000,-0.618485
11070,4.400000,-0.618485
11071,4.400000,-0.618485
11072,4.400000,-0.618485
11073,4.400000,-0.636267
11074,4.400000,-0.636267
11075,4.400000,-0.636267
11076,4.400000,-0.636267
11078,4.400000,-0.636267
11079,4.400000,-0.636267
11080,4.400000,-0.654095
11081,4.400000,-0.654095
11082,4.400000,-0.654095
11083,4.400000,-0.654095
11084,4.400000,-0.672082
11085,4.400000,-0.672082
11086,4.400000,-0.672082
11087,4.400000,-0.672082
11088,4.400000,-0.672082
11089,4.400000,-0.690349
11090,4.400000,-0.690349
11091,4.400000,-0.690349
11092,4.400000,-0.690349
11093,4.400000,-0.690349
11094,4.400000,-0.708986
11095,4.400000,-0.708986
11096,4.400000,-0.708986
11098,4.400000,-0.708986
11099,4.400000,-0.708986
11100,-4.400000,-0.727985
11101,-4.400000,-0.727985
11102,-4.400000,-0.727985
11103,-4.400000,-0.727985
11104,-4.400000,-0.727985
11105,-4.400000,-0.747279
11106,-4.400000,-0.747279
11107,-4.400000,-0.747279
11108,-4.400000,-0.747279
11109,-4.400000,-0.766782
11110,-4.400000,-0.766782
11111,-4.400000,-0.766782
11112,-4.400000,-0.766782
11113,-4.400000,-0.786396
11114,-4.400000,-0.786396
11115,-4.400000,-0.786396
11116,-4.400000,-0.786396
11118,-4.400000,-0.786396
11119,-4.400000,-0.786396
11120,-4.400000,-0.805611
11121,-4.400000,-0.805611
11122,-4.400000,-0.805611
11123,-4.400000,-0.805611
11124,-4.400000,-0.823752
11125,-4.400000,-0.823752
11126,-4.400000,-0.823752
11127,-4.400000,-0.823752
11128,-4.400000,-0.823752
11129,-4.400000,-0.840568
11130,-4.400000,-0.840568
11131,-4.400000,-0.840568
11132,-4.400000,-0.840568
11133,-4.400000,-0.856120
11134,-4.400000,-0.856120
11135,-4.400000,-0.856120
11137,-4.400000,-0.856120
11138,-4.400000,-0.856120
11139,-4.400000,-0.856120
11140,-4.400000,-0.870494
11141,-4.400000,-0.870494
11142,-4.400000,-0.870494
11143,-4.400000,-0.870494
11144,-4.400000,-0.883705
11145,-4.400000,-0.883705
11146,-4.400000,-0.883705
11147,-4.400000,-0.883705
11148,-4.400000,-0.883705
11149,-4.400000,-0.895757
11150,-4.400000,-0.895757
11151,-4.400000,-0.895757
11152,-4.400000,-0.895757
11153,-4.400000,-0.895757
11154,-4.400000,-0.906626
11155,-4.400000,-0.906626
11157,-4.400000,-0.906626
11158,-4.400000,-0.906626
11159,-4.400000,-0.906626
11160,-4.400000,-0.916318
11161,-4.400000,-0.916318
11162,-4.400000,-0.916318
11163,-4.400000,-0.916318
11164,-4.400000,-0.924814
11165,-4.400000,-0.924814
11166,-4.400000,-0.924814
11167,-4.400000,-0.924814
11168,-4.400000,-0.924814
11169,-4.400000,-0.932135
11170,-4.400000,-0.932135
11171,-4.400000,-0.932135
11172,-4.400000,-0.932135
11173,-4.400000,-0.938277
11174,-4.400000,-0.938277
11175,-4.400000,-0.938277
11177,-4.400000,-0.938277
11178,-4.400000,-0.938277
11179,-4.400000,-0.938277
11180,-4.400000,-0.943275
11181,-4.400000,-0.943275
11182,-4.400000,-0.943275
11183,-4.400000,-0.943275
11184,-4.400000,-0.947097
11185,-4.400000,-0.947097
11186,-4.400000,-0.947097
11187,-4.400000,-0.947097
11188,-4.400000,-0.947097
11189,-4.400000,-0.949734
11190,-4.400000,-0.949734
11191,-4.400000,-0.949734
11192,-4.400000,-0.949734
11193,-4.400000,-0.951176
11194,-4.400000,-0.951176
11195,-4.400000,-0.951176
11197,-4.400000,-0.951176
11198,-4.400000,-0.951176
11199,-4.400000,-0.951176
11200,-4.400000,-0.951445
11201,-4.400000,-0.951445
11202,-4.400000,-0.951445
11203,-4.400000,-0.951445
11204,-4.400000,-0.950611
11205,-4.400000,-0.950611
11206,-4.400000,-0.950611
11207,-4.400000,-0.950611
11208,-4.400000,-0.950611
11209,-4.400000,-0.948777
11210,-4.400000,-0.948777
11211,-4.400000,-0.948777
11212,-4.400000,-0.948777
11213,-4.400000,-0.948777
11214,-4.400000,-0.945970
11215,-4.400000,-0.945970
11217,-4.400000,-0.945970
11218,-4.400000,-0.945970
11219,-4.400000,-0.945970
11220,-4.400000,-0.942185
11221,-4.400000,-0.942185
11222,-4.400000,-0.942185
11223,-4.400000,-0.942185
11224,-4.400000,-0.937420
11225,-4.400000,-0.937420
11226,-4.400000,-0.937420
11227,-4.400000,-0.937420
11228,-4.400000,-0.937420
11229,-4.400000,-0.931671
11230,-4.400000,-0.931671
11231,-4.400000,-0.931671
11232,-4.400000,-0.931671
11233,-4.400000,-0.931671
11234,-4.400000,-0.924960
11235,-4.400000,-0.924960
11237,-4.400000,-0.924960
11238,-4.400000,-0.924960
11239,-4.400000,-0.924960
11240,-4.400000,-0.917299
11241,-4.400000,-0.917299
11242,-4.400000,-0.917299
11243,-4.400000,-0.917299
11244,-4.400000,-0.908718
11245,-4.400000,-0.908718
11246,-4.400000,-0.908718
11247,-4.400000,-0.908718
11248,-4.400000,-0.908718
11249,-4.400000,-0.899246
11250,-4.400000,-0.899246
11251,-4.400000,-0.899246
11252,-4.400000,-0.899246
11253,-4.400000,-0.888904
11254,-4.400000,-0.888904
11255,-4.400000,-0.888904
11257,-4.400000,-0.888904
11258,-4.400000,-0.888904
11259,-4.400000,-0.888904
11260,-4.400000,-0.877711
11261,-4.400000,-0.877711
11262,-4.400000,-0.877711
11263,-4.400000,-0.877711
11264,-4.400000,-0.865681
11265,-4.400000,-0.865681
11266,-4.400000,-0.865681
11267,-4.400000,-0.865681
11268,-4.400000,-0.865681
11269,-4.400000,-0.852830
11270,-4.400000,-0.852830
11271,-4.400000,-0.852830
11272,-4.400000,-0.852830
11273,-4.400000,-0.839147
11274,-4.400000,-0.839147
11276,-4.400000,-0.839147
11277,-4.400000,-0.839147
11278,-4.400000,-0.839147
11279,-4.400000,-0.839147
11280,-4.400000,-0.824643
11281,-4.400000,-0.824643
11282,-4.400000,-0.824643
11283,-4.400000,-0.824643
11284,-4.400000,-0.809314
11285,-4.400000,-0.809314
11286,-4.400000,-0.809314
11287,-4.400000,-0.809314
11288,-4.400000,-0.809314
11289,-4.400000,-0.793184
11290,-4.400000,-0.793184
11291,-4.400000,-0.793184
11292,-4.400000,-0.793184
11293,-4.400000,-0.776253
11294,-4.400000,-0.776253
11296,-4.400000,-0.776253
11297,-4.400000,-0.776253
11298,-4.400000,-0.776253
11299,-4.400000,-0.776253
11300,-4.400000,-0.758558
11301,-4.400000,-0.758558
11302,-4.400000,-0.758558
11303,-4.400000,-0.758558
11304,-4.400000,-0.740084
11305,-4.400000,-0.740084
11306,-4.400000,-0.740084
11307,-4.400000,-0.740084
11308,-4.400000,-0.740084
11309,-4.400000,-0.720808
11310,-4.400000,-0.720808
11311,-4.400000,-0.720808
11312,-4.400000,-0.720808
11313,-4.400000,-0.720808
11314,-4.400000,-0.700728
11316,-4.400000,-0.700728
11317,-4.400000,-0.700728
11318,-4.400000,-0.700728
11319,-4.400000,-0.700728
11320,-4.400000,-0.679848
11321,-4.400000,-0.679848
11322,-4.400000,-0.679848
11323,-4.400000,-0.679848
11324,-4.400000,-0.679848
11325,-4.400000,-0.658305
11326,-4.400000,-0.658305
11327,-4.400000,-0.658305
11328,-4.400000,-0.658305
11329,-4.400000,-0.636443
11330,-4.400000,-0.636443
11331,-4.400000,-0.636443
11332,-4.400000,-0.636443
11333,-4.400000,-0.614654
11334,-4.400000,-0.614654
11336,-4.400000,-0.614654
11337,-4.400000,-0.614654
11338,-4.400000,-0.614654
11339,-4.400000,-0.614654
11340,-4.400000,-0.593281
11341,-4.400000,-0.593281
11342,-4.400000,-0.593281
11343,-4.400000,-0.593281
11344,-4.400000,-0.572479
11345,-4.400000,-0.572479
11346,-4.400000,-0.572479
11347,-4.400000,-0.572479
11348,-4.400000,-0.572479
11349,-4.400000,-0.552354
11350,-4.400000,-0.552354
11351,-4.400000,-0.552354
11352,-4.400000,-0.552354
11353,-4.400000,-0.552354
11354,-4.400000,-0.532943
11356,-4.400000,-0.532943
11357,-4.400000,-0.532943
11358,-4.400000,-0.532943
11359,-4.400000,-0.532943
11360,-4.400000,-0.514147
11361,-4.400000,-0.514147
11362,-4.400000,-0.514147
11363,-4.400000,-0.514147
11364,-4.400000,-0.495864
11365,-4.400000,-0.495864
11366,-4.400000,-0.495864
11367,-4.400000,-0.495864
11368,-4.400000,-0.495864
11369,-4.400000,-0.477901
11370,-4.400000,-0.477901
11371,-4.400000,-0.477901
11372,-4.400000,-0.477901
11373,-4.400000,-0.460124
11374,-4.400000,-0.460124
11376,-4.400000,-0.460124
11377,-4.400000,-0.460124
11378,-4.400000,-0.460124
11379,-4.400000,-0.460124
11380,-4.400000,-0.442336
11381,-4.400000,-0.442336
11382,-4.400000,-0.442336
11383,-4.400000,-0.442336
11384,-4.400000,-0.424420
11385,-4.400000,-0.424420
11386,-4.400000,-0.424420
11387,-4.400000,-0.424420
11388,-4.400000,-0.424420
11389,-4.400000,-0.406252
11390,-4.400000,-0.406252
11391,-4.400000,-0.406252
11392,-4.400000,-0.406252
11393,-4.400000,-0.387831
11394,-4.400000,-0.387831
11396,-4.400000,-0.387831
11397,-4.400000,-0.387831
11398,-4.400000,-0.387831
11399,-4.400000,-0.387831
11400,4.400000,-0.369150
11401,4.400000,-0.369150
11402,4.400000,-0.369150
11403,4.400000,-0.369150
11404,4.400000,-0.350264
11405,4.400000,-0.350264
11406,4.400000,-0.350264
11407,4.400000,-0.350264
11408,4.400000,-0.350264
11409,4.400000,-0.331250
11410,4.400000,-0.331250
11411,4.400000,-0.331250
11412,4.400000,-0.331250
11413,4.400000,-0.312198
11414,4.400000,-0.312198
11416,4.400000,-0.312198
11417,4.400000,-0.312198
11418,4.400000,-0.312198
11419,4.400000,-0.312198
11420,4.400000,-0.293627
11421,4.400000,-0.293627
11422,4.400000,-0.293627
11423,4.400000,-0.293627
11424,4.400000,-0.276227
11425,4.400000,-0.276227
11426,4.400000,-0.276227
11427,4.400000,-0.276227
11428,4.400000,-0.276227
11429,4.400000,-0.260191
11430,4.400000,-0.260191
11431,4.400000,-0.260191
11432,4.400000,-0.260191
11433,4.400000,-0.245471
11434,4.400000,-0.245471
11436,4.400000,-0.245471
11437,4.400000,-0.245471
11438,4.400000,-0.245471
11439,4.400000,-0.245471
11440,4.400000,-0.231943
11441,4.400000,-0.231943
11442,4.400000,-0.231943
11443,4.400000,-0.231943
11444,4.400000,-0.219608
11445,4.400000,-0.219608
11446,4.400000,-0.219608
11447,4.400000,-0.219608
11448,4.400000,-0.219608
11449,4.400000,-0.208452
11450,4.400000,-0.208452
11451,4.400000,-0.208452
11452,4.400000,-0.208452
11453,4.400000,-0.198471
11454,4.400000,-0.198471
11456,4.400000,-0.198471
11457,4.400000,-0.198471
11458,4.400000,-0.198471
11459,4.400000,-0.198471
11460,4.400000,-0.189635
11461,4.400000,-0.189635
11462,4.400000,-0.189635
11463,4.400000,-0.189635
11464,4.400000,-0.181922
11465,4.400000,-0.181922
11466,4.400000,-0.181922
11467,4.400000,-0.181922
11468,4.400000,-0.181922
11469,4.400000,-0.175294
11470,4.400000,-0.175294
11471,4.400000,-0.175294
11472,4.400000,-0.175294
11473,4.400000,-0.169761
11475,4.400000,-0.169761
11476,4.400000,-0.169761
11477,4.400000,-0.169761
11478,4.400000,-0.169761
11479,4.400000,-0.169761
11480,4.400000,-0.165289
11481,4.400000,-0.165289
11482,4.400000,-0.165289
11483,4.400000,-0.165289
11484,4.400000,-0.161908
11485,4.400000,-0.161908
11486,4.400000,-0.161908
11487,4.400000,-0.161908
11488,4.400000,-0.161908
11489,4.400000,-0.159612
11490,4.400000,-0.159612
11491,4.400000,-0.159612
11492,4.400000,-0.159612
11493,4.400000,-0.158427
11495,4.400000,-0.158427
11496,4.400000,-0.158427
11497,4.400000,-0.158427
11498,4.400000,-0.158427
11499,4.400000,-0.158427
11500,4.400000,-0.158349
11501,4.400000,-0.158349
11502,4.400000,-0.158349
11503,4.400000,-0.158349
11504,4.400000,-0.159291
11505,4.400000,-0.159291
11506,4.400000,-0.159291
11507,4.400000,-0.159291
11508,4.400000,-0.159291
11509,4.400000,-0.161196
11510,4.400000,-0.161196
11511,4.400000,-0.161196
11512,4.400000,-0.161196
11513,4.400000,-0.164052
11515,4.400000,-0.164052
11516,4.400000,-0.164052
11517,4.400000,-0.164052
11518,4.400000,-0.164052
11519,4.400000,-0.164052
11520,4.400000,-0.167858
11521,4.400000,-0.167858
11522,4.400000,-0.167858
11523,4.400000,-0.167858
11524,4.400000,-0.172599
11525,4.400000,-0.172599
11526,4.400000,-0.172599
11527,4.400000,-0.172599
11528,4.400000,-0.172599
11529,4.400000,-0.178291
11530,4.400000,-0.178291
11531,4.400000,-0.178291
11532,4.400000,-0.178291
11533,4.400000,-0.184906
11535,4.400000,-0.184906
11536,4.400000,-0.184906
11537,4.400000,-0.184906
11538,4.400000,-0.184906
11539,4.400000,-0.184906
11540,4.400000,-0.192430
11541,4.400000,-0.192430
11542,4.400000,-0.192430
11543,4.400000,-0.192430
11544,4.400000,-0.200850
11545,4.400000,-0.200850
11546,4.400000,-0.200850
11547,4.400000,-0.200850
11548,4.400000,-0.200850
11549,4.400000,-0.210141
11550,4.400000,-0.210141
11551,4.400000,-0.210141
11552,4.400000,-0.210141
11553,4.400000,-0.220307
11555,4.400000,-0.220307
11556,4.400000,-0.220307
11557,4.400000,-0.220307
11558,4.400000,-0.220307
11559,4.400000,-0.220307
11560,4.400000,-0.231351
11561,4.400000,-0.231351
11562,4.400000,-0.231351
11563,4.400000,-0.231351
11564,4.400000,-0.243297
11565,4.400000,-0.243297
11566,4.400000,-0.243297
11567,4.400000,-0.243297
11568,4.400000,-0.243297
11569,4.400000,-0.256125
11570,4.400000,-0.256125
11571,4.400000,-0.256125
11572,4.400000,-0.256125
11573,4.400000,-0.269854
11575,4.400000,-0.269854
11576,4.400000,-0.269854
11577,4.400000,-0.269854
11578,4.400000,-0.269854
11579,4.400000,-0.269854
11580,4.400000,-0.284468
11581,4.400000,-0.284468
11582,4.400000,-0.284468
11583,4.400000,-0.284468
11584,4.400000,-0.299989
11585,4.400000,-0.299989
11586,4.400000,-0.299989
11587,4.400000,-0.299989
11588,4.400000,-0.299989
11589,4.400000,-0.316409
11590,4.400000,-0.316409
11591,4.400000,-0.316409
11592,4.400000,-0.316409
11593,4.400000,-0.333739
11595,4.400000,-0.333739
11596,4.400000,-0.333739
11597,4.400000,-0.333739
11598,4.400000,-0.333739
11599,4.400000,-0.333739
11600,4.400000,-0.351979
11601,4.400000,-0.351979
11602,4.400000,-0.351979
11603,4.400000,-0.351979
11604,4.400000,-0.351979
11605,4.400000,-0.371149
11606,4.400000,-0.371149
11607,4.400000,-0.371149
11608,4.400000,-0.371149
11609,4.400000,-0.391221
11610,4.400000,-0.391221
11611,4.400000,-0.391221
11612,4.400000,-0.391221
11613,4.400000,-0.412175
11615,4.400000,-0.412175
11616,4.400000,-0.412175
11617,4.400000,-0.412175
11618,4.400000,-0.412175
11619,4.400000,-0.412175
11620,4.400000,-0.433887
11621,4.400000,-0.433887
11622,4.400000,-0.433887
11623,4.400000,-0.433887
11624,4.400000,-0.433887
11625,4.400000,-0.456120
11626,4.400000,-0.456120
11627,4.400000,-0.456120
11628,4.400000,-0.456120
11629,4.400000,-0.478385
11630,4.400000,-0.478385
11631,4.400000,-0.478385
11632,4.400000,-0.478385
11633,4.400000,-0.500284
11635,4.400000,-0.500284
11636,4.400000,-0.500284
11637,4.400000,-0.500284
11638,4.400000,-0.500284
11639,4.400000,-0.500284
11640,4.400000,-0.521504
11641,4.400000,-0.521504
11642,4.400000,-0.521504
11643,4.400000,-0.521504
11644,4.400000,-0.541996
11645,4.400000,-0.541996
11646,4.400000,-0.541996
11647,4.400000,-0.541996
11648,4.400000,-0.541996
11649,4.400000,-0.561756
11650,4.400000,-0.561756
11651,4.400000,-0.561756
11652,4.400000,-0.561756
11654,4.400000,-0.561756
11655,4.400000,-0.580869
11656,4.400000,-0.580869
11657,4.400000,-0.580869
11658,4.400000,-0.580869
11659,4.400000,-0.580869
11660,4.400000,-0.599466
11661,4.400000,-0.599466
11662,4.400000,-0.599466
11663,4.400000,-0.599466
11664,4.400000,-0.617676
11665,4.400000,-0.617676
11666,4.400000,-0.617676
11667,4.400000,-0.617676
11668,4.400000,-0.617676
11669,4.400000,-0.635703
11670,4.400000,-0.635703
11671,4.400000,-0.635703
11672,4.400000,-0.635703
11674,4.400000,-0.653683
11675,4.400000,-0.653683
11676,4.400000,-0.653683
11677,4.400000,-0.653683
11678,4.400000,-0.653683
11679,4.400000,-0.653683
11680,4.400000,-0.671765
11681,4.400000,-0.671765
11682,4.400000,-0.671765
11683,4.400000,-0.671765
11684,4.400000,-0.671765
11685,4.400000,-0.690061
11686,4.400000,-0.690061
11687,4.400000,-0.690061
11688,4.400000,-0.690061
11689,4.400000,-0.708667
11690,4.400000,-0.708667
11691,4.400000,-0.708667
11692,4.400000,-0.708667
11694,4.400000,-0.727596
11695,4.400000,-0.727596
11696,4.400000,-0.727596
11697,4.400000,-0.727596
11698,4.400000,-0.727596
11699,4.400000,-0.727596
11700,-4.400000,-0.746812
11701,-4.400000,-0.746812
11702,-4.400000,-0.746812
11703,-4.400000,-0.746812
11704,-4.400000,-0.766257
11705,-4.400000,-0.766257
11706,-4.400000,-0.766257
11707,-4.400000,-0.766257
11708,-4.400000,-0.766257
11709,-4.400000,-0.785833
11710,-4.400000,-0.785833
11711,-4.400000,-0.785833
11712,-4.400000,-0.785833
11714,-4.400000,-0.785833
11715,-4.400000,-0.805406
11716,-4.400000,-0.805406
11717,-4.400000,-0.805406
11718,-4.400000,-0.805406
11719,-4.400000,-0.805406
11720,-4.400000,-0.824394
11721,-4.400000,-0.824394
11722,-4.400000,-0.824394
11723,-4.400000,-0.824394
11724,-4.400000,-0.842227
11725,-4.400000,-0.842227
11726,-4.400000,-0.842227
11727,-4.400000,-0.842227
11728,-4.400000,-0.842227
11729,-4.400000,-0.858755
11730,-4.400000,-0.858755
11731,-4.400000,-0.858755
11732,-4.400000,-0.858755
11734,-4.400000,-0.874060
11735,-4.400000,-0.874060
11736,-4.400000,-0.874060
11737,-4.400000,-0.874060
11738,-4.400000,-0.874060
11739,-4.400000,-0.874060
11740,-4.400000,-0.888198
11741,-4.400000,-0.888198
11742,-4.400000,-0.888198
11743,-4.400000,-0.888198
11744,-4.400000,-0.901162
11745,-4.400000,-0.901162
11746,-4.400000,-0.901162
11747,-4.400000,-0.901162
11748,-4.400000,-0.901162
11749,-4.400000,-0.912956
11750,-4.400000,-0.912956
11751,-4.400000,-0.912956
11752,-4.400000,-0.912956
11754,-4.400000,-0.912956
11755,-4.400000,-0.923536
11756,-4.400000,-0.923536
11757,-4.400000,-0.923536
11758,-4.400000,-0.923536
11759,-4.400000,-0.923536
11760,-4.400000,-0.932919
11761,-4.400000,-0.932919
11762,-4.400000,-0.932919
11763,-4.400000,-0.932919
11764,-4.400000,-0.941092
11765,-4.400000,-0.941092
11766,-4.400000,-0.941092
11767,-4.400000,-0.941092
11768,-4.400000,-0.941092
11769,-4.400000,-0.948090
11770,-4.400000,-0.948090
11771,-4.400000,-0.948090
11772,-4.400000,-0.948090
11774,-4.400000,-0.948090
11775,-4.400000,-0.953913
11776,-4.400000,-0.953913
11777,-4.400000,-0.953913
11778,-4.400000,-0.953913
11779,-4.400000,-0.953913
11780,-4.400000,-0.958602
11781,-4.400000,-0.958602
11782,-4.400000,-0.958602
11783,-4.400000,-0.958602
11784,-4.400000,-0.958602
11785,-4.400000,-0.962123
11786,-4.400000,-0.962123
11787,-4.400000,-0.962123
11788,-4.400000,-0.962123
11789,-4.400000,-0.964476
11790,-4.400000,-0.964476
11791,-4.400000,-0.964476
11793,-4.400000,-0.964476
11794,-4.400000,-0.965649
11795,-4.400000,-0.965649
11796,-4.400000,-0.965649
11797,-4.400000,-0.965649
11798,-4.400000,-0.965649
11799,-4.400000,-0.965649
11800,-4.400000,-0.965676
11801,-4.400000,-0.965676
11802,-4.400000,-0.965676
11803,-4.400000,-0.965676
11804,-4.400000,-0.964647
11805,-4.400000,-0.964647
11806,-4.400000,-0.964647
11807,-4.400000,-0.964647
11808,-4.400000,-0.964647
11809,-4.400000,-0.962631
11810,-4.400000,-0.962631
11811,-4.400000,-0.962631
11813,-4.400000,-0.962631
11814,-4.400000,-0.962631
11815,-4.400000,-0.959626
11816,-4.400000,-0.959626
11817,-4.400000,-0.959626
11818,-4.400000,-0.959626
11819,-4.400000,-0.959626
11820,-4.400000,-0.955625
11821,-4.400000,-0.955625
11822,-4.400000,-0.955625
11823,-4.400000,-0.955625
11824,-4.400000,-0.950636
11825,-4.400000,-0.950636
11826,-4.400000,-0.950636
11827,-4.400000,-0.950636
11828,-4.400000,-0.950636
11829,-4.400000,-0.944649
11830,-4.400000,-0.944649
11831,-4.400000,-0.944649
11833,-4.400000,-0.944649
11834,-4.400000,-0.937687
11835,-4.400000,-0.937687
11836,-4.400000,-0.937687
11837,-4.400000,-0.937687
11838,-4.400000,-0.937687
11839,-4.400000,-0.937687
11840,-4.400000,-0.929775
11841,-4.400000,-0.929775
11842,-4.400000,-0.929775
11843,-4.400000,-0.929775
11844,-4.400000,-0.929775
11845,-4.400000,-0.920928
11846,-4.400000,-0.920928
11847,-4.400000,-0.920928
11848,-4.400000,-0.920928
11849,-4.400000,-0.911171
11850,-4.400000,-0.911171
11851,-4.400000,-0.911171
11853,-4.400000,-0.911171
11854,-4.400000,-0.900522
11855,-4.400000,-0.900522
11856,-4.400000,-0.900522
11857,-4.400000,-0.900522
11858,-4.400000,-0.900522
11859,-4.400000,-0.900522
11860,-4.400000,-0.889007
11861,-4.400000,-0.889007
11862,-4.400000,-0.889007
11863,-4.400000,-0.889007
11864,-4.400000,-0.876634
11865,-4.400000,-0.876634
11866,-4.400000,-0.876634
11867,-4.400000,-0.876634
11868,-4.400000,-0.876634
11869,-4.400000,-0.863432
11870,-4.400000,-0.863432
11871,-4.400000,-0.863432
11873,-4.400000,-0.863432
11874,-4.400000,-0.863432
11875,-4.400000,-0.849392
11876,-4.400000,-0.849392
11877,-4.400000,-0.849392
11878,-4.400000,-0.849392
11879,-4.400000,-0.849392
11880,-4.400000,-0.834529
11881,-4.400000,-0.834529
11882,-4.400000,-0.834529
11883,-4.400000,-0.834529
11884,-4.400000,-0.834529
11885,-4.400000,-0.818837
11886,-4.400000,-0.818837
11887,-4.400000,-0.818837
11888,-4.400000,-0.818837
11889,-4.400000,-0.802325
11890,-4.400000,-0.802325
11891,-4.400000,-0.802325
11893,-4.400000,-0.802325
11894,-4.400000,-0.785002
11895,-4.400000,-0.785002
11896,-4.400000,-0.785002
11897,-4.400000,-0.785002
11898,-4.400000,-0.785002
11899,-4.400000,-0.785002
11900,-4.400000,-0.766897
11901,-4.400000,-0.766897
11902,-4.400000,-0.766897
11903,-4.400000,-0.766897
11904,-4.400000,-0.748022
11905,-4.400000,-0.748022
11906,-4.400000,-0.748022
11907,-4.400000,-0.748022
11908,-4.400000,-0.748022
11909,-4.400000,-0.728375
11910,-4.400000,-0.728375
11912,-4.400000,-0.728375
11913,-4.400000,-0.728375
11914,-4.400000,-0.728375
11915,-4.400000,-0.707943
11916,-4.400000,-0.707943
11917,-4.400000,-0.707943
11918,-4.400000,-0.707943
11919,-4.400000,-0.707943
11920,-4.400000,-0.686765
11921,-4.400000,-0.686765
11922,-4.400000,-0.686765
11923,-4.400000,-0.686765
11924,-4.400000,-0.665061
11925,-4.400000,-0.665061
11926,-4.400000,-0.665061
11927,-4.400000,-0.665061
11928,-4.400000,-0.665061
11929,-4.400000,-0.643223
11930,-4.400000,-0.643223
11932,-4.400000,-0.643223
11933,-4.400000,-0.643223
11934,-4.400000,-0.621595
11935,-4.400000,-0.621595
11936,-4.400000,-0.621595
11937,-4.400000,-0.621595
11938,-4.400000,-0.621595
11939,-4.400000,-0.621595
11940,-4.400000,-0.600465
11941,-4.400000,-0.600465
11942,-4.400000,-0.600465
11943,-4.400000,-0.600465
11944,-4.400000,-0.579976
11945,-4.400000,-0.579976
11946,-4.400000,-0.579976
11947,-4.400000,-0.579976
11948,-4.400000,-0.579976
11949,-4.400000,-0.560183
11950,-4.400000,-0.560183
11952,-4.400000,-0.560183
11953,-4.400000,-0.560183
11954,-4.400000,-0.560183
11955,-4.400000,-0.541086
11956,-4.400000,-0.541086
11957,-4.400000,-0.541086
11958,-4.400000,-0.541086
11959,-4.400000,-0.541086
11960,-4.400000,-0.541086
11961,-4.400000,-0.541086
11962,-4.400000,-0.541086
11963,-4.400000,-0.541086
11964,-4.400000,-0.541086
11965,-4.400000,-0.504541
11966,-4.400000,-0.504541
11967,-4.400000,-0.504541
11968,-4.400000,-0.504541
11969,-4.400000,-0.486776
11970,-4.400000,-0.486776
11972,-4.400000,-0.486776
11973,-4.400000,-0.486776
11974,-4.400000,-0.486776
11975,-4.400000,-0.469137
11976,-4.400000,-0.469137
11977,-4.400000,-0.469137
11978,-4.400000,-0.469137
11979,-4.400000,-0.469137
11980,-4.400000,-0.451508
11981,-4.400000,-0.451508
11982,-4.400000,-0.451508
11983,-4.400000,-0.451508
11984,-4.400000,-0.433817
11985,-4.400000,-0.433817
11986,-4.400000,-0.433817
11987,-4.400000,-0.433817
11988,-4.400000,-0.433817
11989,-4.400000,-0.415901
11991,-4.400000,-0.415901
11992,-4.400000,-0.415901
11993,-4.400000,-0.415901
11994,-4.400000,-0.397712
11995,-4.400000,-0.397712
11996,-4.400000,-0.397712
11997,-4.400000,-0.397712
11998,-4.400000,-0.397712
11999,-4.400000,-0.397712
12000,4.400000,-0.379229
12001,4.400000,-0.379229
12002,4.400000,-0.379229
12003,4.400000,-0.379229
12004,4.400000,-0.360480
12005,4.400000,-0.360480
12006,4.400000,-0.360480
12007,4.400000,-0.360480
12008,4.400000,-0.360480
12009,4.400000,-0.341528
12010,4.400000,-0.341528
12012,4.400000,-0.341528
12013,4.400000,-0.341528
12014,4.400000,-0.322463
12015,4.400000,-0.322463
12016,4.400000,-0.322463
12017,4.400000,-0.322463
12018,4.400000,-0.322463
12019,4.400000,-0.322463
12020,4.400000,-0.303780
12021,4.400000,-0.303780
12022,4.400000,-0.303780
12023,4.400000,-0.303780
12024,4.400000,-0.286220
12025,4.400000,-0.286220
12026,4.400000,-0.286220
12027,4.400000,-0.286220
12028,4.400000,-0.286220
12029,4.400000,-0.269986
12030,4.400000,-0.269986
12032,4.400000,-0.269986
12033,4.400000,-0.269986
12034,4.400000,-0.255065
12035,4.400000,-0.255065
12036,4.400000,-0.255065
12037,4.400000,-0.255065
12038,4.400000,-0.255065
12039,4.400000,-0.255065
12040,4.400000,-0.241339
12041,4.400000,-0.241339
12042,4.400000,-0.241339
12043,4.400000,-0.241339
12044,4.400000,-0.228797
12045,4.400000,-0.228797
12046,4.400000,-0.228797
12047,4.400000,-0.228797
12048,4.400000,-0.228797
12049,4.400000,-0.217422
12050,4.400000,-0.217422
12052,4.400000,-0.217422
12053,4.400000,-0.217422
12054,4.400000,-0.207208
12055,4.400000,-0.207208
12056,4.400000,-0.207208
12057,4.400000,-0.207208
12058,4.400000,-0.207208
12059,4.400000,-0.207208
12060,4.400000,-0.198120
12061,4.400000,-0.198120
12062,4.400000,-0.198120
12063,4.400000,-0.198120
12064,4.400000,-0.190139
12065,4.400000,-0.190139
12066,4.400000,-0.190139
12067,4.400000,-0.190139
12068,4.400000,-0.190139
12069,4.400000,-0.183216
12070,4.400000,-0.183216
12072,4.400000,-0.183216
12073,4.400000,-0.183216
12074,4.400000,-0.177362
12075,4.400000,-0.177362
12076,4.400000,-0.177362
12077,4.400000,-0.177362
12078,4.400000,-0.177362
12079,4.400000,-0.177362
12080,4.400000,-0.172488
12081,4.400000,-0.172488
12082,4.400000,-0.172488
12083,4.400000,-0.172488
12084,4.400000,-0.172488
12085,4.400000,-0.168689
12086,4.400000,-0.168689
12087,4.400000,-0.168689
12088,4.400000,-0.168689
12089,4.400000,-0.165892
12090,4.400000,-0.165892
12092,4.400000,-0.165892
12093,4.400000,-0.165892
12094,4.400000,-0.164189
12095,4.400000,-0.164189
12096,4.400000,-0.164189
12097,4.400000,-0.164189
12098,4.400000,-0.164189
12099,4.400000,-0.164189
12100,4.400000,-0.163651
12101,4.400000,-0.163651
12102,4.400000,-0.163651
12103,4.400000,-0.163651
12104,4.400000,-0.164104
12105,4.400000,-0.164104
12106,4.400000,-0.164104
12107,4.400000,-0.164104
12108,4.400000,-0.164104
12109,4.400000,-0.165556
12110,4.400000,-0.165556
12112,4.400000,-0.165556
12113,4.400000,-0.165556
12114,4.400000,-0.165556
12115,4.400000,-0.167971
12116,4.400000,-0.167971
12117,4.400000,-0.167971
12118,4.400000,-0.167971
12119,4.400000,-0.167971
12120,4.400000,-0.171351
12121,4.400000,-0.171351
12122,4.400000,-0.171351
12123,4.400000,-0.171351
12124,4.400000,-0.171351
12125,4.400000,-0.175683
12126,4.400000,-0.175683
12127,4.400000,-0.175683
12128,4.400000,-0.175683
12129,4.400000,-0.180964
12130,4.400000,-0.180964
12131,4.400000,-0.180964
12133,4.400000,-0.180964
12134,4.400000,-0.180964
12135,4.400000,-0.187173
12136,4.400000,-0.187173
12137,4.400000,-0.187173
12138,4.400000,-0.187173
12139,4.400000,-0.187173
12140,4.400000,-0.194285
12141,4.400000,-0.194285
12142,4.400000,-0.194285
12143,4.400000,-0.194285
12144,4.400000,-0.202290
12145,4.400000,-0.202290
12146,4.400000,-0.202290
12147,4.400000,-0.202290
12148,4.400000,-0.202290
12149,4.400000,-0.211166
12150,4.400000,-0.211166
12151,4.400000,-0.211166
12153,4.400000,-0.211166
12154,4.400000,-0.211166
12155,4.400000,-0.220925
12156,4.400000,-0.220925
12157,4.400000,-0.220925
12158,4.400000,-0.220925
12159,4.400000,-0.220925
12160,4.400000,-0.231555
12161,4.400000,-0.231555
12162,4.400000,-0.231555
12163,4.400000,-0.231555
12164,4.400000,-0.243081
12165,4.400000,-0.243081
12166,4.400000,-0.243081
12167,4.400000,-0.243081
12168,4.400000,-0.243081
12169,4.400000,-0.243081
12170,4.400000,-0.255487
12171,4.400000,-0.255487
12173,4.400000,-0.255487
12174,4.400000,-0.255487
12175,4.400000,-0.268788
12176,4.400000,-0.268788
12177,4.400000,-0.268788
12178,4.400000,-0.268788
12179,4.400000,-0.268788
12180,4.400000,-0.282976
12181,4.400000,-0.282976
12182,4.400000,-0.282976
12183,4.400000,-0.282976
12184,4.400000,-0.298069
12185,4.400000,-0.298069
12186,4.400000,-0.298069
12187,4.400000,-0.298069
12188,4.400000,-0.298069
12189,4.400000,-0.314054
12190,4.400000,-0.314054
12192,4.400000,-0.314054
12193,4.400000,-0.314054
12194,4.400000,-0.314054
12195,4.400000,-0.330952
12196,4.400000,-0.330952
12197,4.400000,-0.330952
12198,4.400000,-0.330952
12199,4.400000,-0.330952
12200,4.400000,-0.348747
12201,4.400000,-0.348747
12202,4.400000,-0.348747
12203,4.400000,-0.348747
12204,4.400000,-0.367465
12205,4.400000,-0.367465
12206,4.400000,-0.367465
12207,4.400000,-0.367465
12208,4.400000,-0.367465
12209,4.400000,-0.387093
12210,4.400000,-0.387093
12212,4.400000,-0.387093
12213,4.400000,-0.387093
12214,4.400000,-0.387093
12215,4.400000,-0.407617
12216,4.400000,-0.407617
12217,4.400000,-0.407617
12218,4.400000,-0.407617
12219,4.400000,-0.407617
12220,4.400000,-0.428982
12221,4.400000,-0.428982
12222,4.400000,-0.428982
12223,4.400000,-0.428982
12224,4.400000,-0.428982
12225,4.400000,-0.451061
12226,4.400000,-0.451061
12227,4.400000,-0.451061
12228,4.400000,-0.451061
12229,4.400000,-0.451061
12230,4.400000,-0.473450
12231,4.400000,-0.473450
12233,4.400000,-0.473450
12234,4.400000,-0.473450
12235,4.400000,-0.495753
12236,4.400000,-0.495753
12237,4.400000,-0.495753
12238,4.400000,-0.495753
12239,4.400000,-0.495753
12240,4.400000,-0.517565
12241,4.400000,-0.517565
12242,4.400000,-0.517565
12243,4.400000,-0.517565
12244,4.400000,-0.538721
12245,4.400000,-0.538721
12246,4.400000,-0.538721
12247,4.400000,-0.538721
12248,4.400000,-0.538721
12249,4.400000,-0.538721
12250,4.400000,-0.559059
12251,4.400000,-0.559059
12253,4.400000,-0.559059
12254,4.400000,-0.559059
12255,4.400000,-0.578625
12256,4.400000,-0.578625
12257,4.400000,-0.578625
12258,4.400000,-0.578625
12259,4.400000,-0.578625
12260,4.400000,-0.597508
12261,4.400000,-0.597508
12262,4.400000,-0.597508
12263,4.400000,-0.597508
12264,4.400000,-0.615808
12265,4.400000,-0.615808
12266,4.400000,-0.615808
12267,4.400000,-0.615808
12268,4.400000,-0.615808
12269,4.400000,-0.615808
12270,4.400000,-0.633713
12271,4.400000,-0.633713
12273,4.400000,-0.633713
12274,4.400000,-0.633713
12275,4.400000,-0.651335
12276,4.400000,-0.651335
12277,4.400000,-0.651335
12278,4.400000,-0.651335
12279,4.400000,-0.651335
12280,4.400000,-0.668883
12281,4.400000,-0.668883
12282,4.400000,-0.668883
12283,4.400000,-0.668883
12284,4.400000,-0.668883
12285,4.400000,-0.686520
12286,4.400000,-0.686520
12287,4.400000,-0.686520
12288,4.400000,-0.686520
12289,4.400000,-0.686520
12290,4.400000,-0.704374
12291,4.400000,-0.704374
12293,4.400000,-0.704374
12294,4.400000,-0.704374
12295,4.400000,-0.722508
12296,4.400000,-0.722508
12297,4.400000,-0.722508
12298,4.400000,-0.722508
12299,4.400000,-0.722508
12300,-4.400000,-0.741049
12301,-4.400000,-0.741049
12302,-4.400000,-0.741049
12303,-4.400000,-0.741049
12304,-4.400000,-0.741049
12305,-4.400000,-0.759887
12306,-4.400000,-0.759887
12307,-4.400000,-0.759887
12308,-4.400000,-0.759887
12309,-4.400000,-0.759887
12310,-4.400000,-0.779025
12311,-4.400000,-0.779025
12313,-4.400000,-0.779025
12314,-4.400000,-0.779025
12315,-4.400000,-0.798400
12316,-4.400000,-0.798400
12317,-4.400000,-0.798400
12318,-4.400000,-0.798400
12319,-4.400000,-0.798400
12320,-4.400000,-0.817522
12321,-4.400000,-0.817522
12322,-4.400000,-0.817522
12323,-4.400000,-0.817522
12324,-4.400000,-0.817522
12325,-4.400000,-0.835651
12326,-4.400000,-0.835651
12327,-4.400000,-0.835651
12328,-4.400000,-0.835651
12329,-4.400000,-0.852442
12330,-4.400000,-0.852442
12331,-4.400000,-0.852442
12333,-4.400000,-0.852442
12334,-4.400000,-0.852442
12335,-4.400000,-0.867839
12336,-4.400000,-0.867839
12337,-4.400000,-0.867839
12338,-4.400000,-0.867839
12339,-4.400000,-0.867839
12340,-4.400000,-0.882097
12341,-4.400000,-0.882097
12342,-4.400000,-0.882097
12343,-4.400000,-0.882097
12344,-4.400000,-0.895075
12345,-4.400000,-0.895075
12346,-4.400000,-0.895075
12347,-4.400000,-0.895075
12348,-4.400000,-0.895075
12349,-4.400000,-0.895075
12350,-4.400000,-0.906855
12351,-4.400000,-0.906855
12353,-4.400000,-0.906855
12354,-4.400000,-0.906855
12355,-4.400000,-0.917411
12356,-4.400000,-0.917411
12357,-4.400000,-0.917411
12358,-4.400000,-0.917411
12359,-4.400000,-0.917411
12360,-4.400000,-0.926745
12361,-4.400000,-0.926745
12362,-4.400000,-0.926745
12363,-4.400000,-0.926745
12364,-4.400000,-0.926745
12365,-4.400000,-0.934849
12366,-4.400000,-0.934849
12367,-4.400000,-0.934849
12368,-4.400000,-0.934849
12369,-4.400000,-0.934849
12370,-4.400000,-0.941745
12371,-4.400000,-0.941745
12373,-4.400000,-0.941745
12374,-4.400000,-0.941745
12375,-4.400000,-0.947424
12376,-4.400000,-0.947424
12377,-4.400000,-0.947424
12378,-4.400000,-0.947424
12379,-4.400000,-0.947424
12380,-4.400000,-0.951919
12381,-4.400000,-0.951919
12382,-4.400000,-0.951919
12383,-4.400000,-0.951919
12384,-4.400000,-0.955212
12385,-4.400000,-0.955212
12386,-4.400000,-0.955212
12387,-4.400000,-0.955212
12388,-4.400000,-0.955212
12389,-4.400000,-0.955212
12390,-4.400000,-0.957298
12391,-4.400000,-0.957298
12393,-4.400000,-0.957298
12394,-4.400000,-0.957298
12395,-4.400000,-0.958164
12396,-4.400000,-0.958164
12397,-4.400000,-0.958164
12398,-4.400000,-0.958164
12399,-4.400000,-0.958164
12400,-4.400000,-0.957887
12401,-4.400000,-0.957887
12402,-4.400000,-0.957887
12403,-4.400000,-0.957887
12404,-4.400000,-0.957887
12405,-4.400000,-0.956585
12406,-4.400000,-0.956585
12407,-4.400000,-0.956585
12408,-4.400000,-0.956585
12409,-4.400000,-0.954326
12410,-4.400000,-0.954326
12411,-4.400000,-0.954326
12413,-4.400000,-0.954326
12414,-4.400000,-0.954326
12415,-4.400000,-0.951112
12416,-4.400000,-0.951112
12417,-4.400000,-0.951112
12418,-4.400000,-0.951112
12419,-4.400000,-0.951112
12420,-4.400000,-0.946932
12421,-4.400000,-0.946932
12422,-4.400000,-0.946932
12423,-4.400000,-0.946932
12424,-4.400000,-0.946932
12425,-4.400000,-0.941768
12426,-4.400000,-0.941768
12427,-4.400000,-0.941768
12428,-4.400000,-0.941768
12429,-4.400000,-0.941768
12430,-4.400000,-0.935619
12431,-4.400000,-0.935619
12433,-4.400000,-0.935619
12434,-4.400000,-0.935619
12435,-4.400000,-0.928515
12436,-4.400000,-0.928515
12437,-4.400000,-0.928515
12438,-4.400000,-0.928515
12439,-4.400000,-0.928515
12440,-4.400000,-0.920466
12441,-4.400000,-0.920466
12442,-4.400000,-0.920466
12443,-4.400000,-0.920466
12444,-4.400000,-0.920466
12445,-4.400000,-0.911504
12446,-4.400000,-0.911504
12447,-4.400000,-0.911504
12448,-4.400000,-0.911504
12449,-4.400000,-0.911504
12450,-4.400000,-0.901649
12451,-4.400000,-0.901649
12453,-4.400000,-0.901649
12454,-4.400000,-0.901649
12455,-4.400000,-0.890929
12456,-4.400000,-0.890929
12457,-4.400000,-0.890929
12458,-4.400000,-0.890929
12459,-4.400000,-0.890929
12460,-4.400000,-0.879375
12461,-4.400000,-0.879375
12462,-4.400000,-0.879375
12463,-4.400000,-0.879375
12464,-4.400000,-0.866986
12465,-4.400000,-0.866986
12466,-4.400000,-0.866986
12467,-4.400000,-0.866986
12468,-4.400000,-0.866986
12469,-4.400000,-0.866986
12470,-4.400000,-0.853779
12472,-4.400000,-0.853779
12473,-4.400000,-0.853779
12474,-4.400000,-0.853779
12475,-4.400000,-0.839765
12476,-4.400000,-0.839765
12477,-4.400000,-0.839765